source,type_bien,gouvernorat,ville,surface_m2,nb_pieces,nb_chambres,nb_salles_bain,etage,ascenseur,parking,piscine,climatisation,chauffage_central,meuble,prix_dt
mubawab,appartement,Tunis,,150.0,3.0,3.0,2.0,unknown,1,1,0,1,0,0,455000.0
mubawab,appartement,Tunis,,70.0,2.0,2.0,1.0,unknown,1,0,0,1,1,0,235000.0
mubawab,appartement,Tunis,Manar,134.0,3.0,3.0,2.0,unknown,1,1,0,1,1,0,300000.0
mubawab,appartement,Tunis,,70.0,1.0,1.0,1.0,unknown,0,0,0,1,1,0,189000.0
mubawab,appartement,Tunis,,300.0,3.0,3.0,,unknown,0,1,0,0,0,0,1050000.0
mubawab,appartement,Tunis,,112.0,3.0,3.0,2.0,unknown,1,1,0,1,1,0,350000.0
mubawab,appartement,Tunis,,86.0,4.0,3.0,1.0,unknown,0,1,0,0,1,0,260000.0
mubawab,appartement,Tunis,,201.0,4.0,3.0,1.0,unknown,1,1,0,1,1,0,1300000.0
mubawab,appartement,Tunis,,93.0,2.0,2.0,1.0,unknown,1,1,0,1,1,0,390000.0
mubawab,appartement,Tunis,,100.0,2.0,2.0,1.0,unknown,1,0,0,0,1,0,269000.0
mubawab,appartement,Tunis,,106.0,3.0,3.0,2.0,floor_7,1,1,0,1,1,0,360000.0
mubawab,appartement,Tunis,Manar,134.0,3.0,3.0,2.0,unknown,1,0,0,0,1,0,220000.0
mubawab,appartement,Tunis,,165.0,3.0,3.0,2.0,unknown,1,0,0,1,1,0,579000.0
mubawab,appartement,Tunis,,163.0,3.0,3.0,3.0,unknown,1,1,0,1,1,0,355000.0
mubawab,appartement,Tunis,,118.0,3.0,3.0,1.0,unknown,0,1,0,0,1,0,265000.0
mubawab,appartement,Tunis,,208.0,4.0,3.0,,unknown,0,1,0,0,0,0,1300000.0
mubawab,appartement,Tunis,El Menzah 9,211.0,4.0,4.0,2.0,unknown,1,1,0,0,0,0,570000.0
mubawab,appartement,Tunis,,127.0,2.0,2.0,1.0,unknown,1,1,0,1,1,0,395000.0
mubawab,appartement,Tunis,,80.0,2.0,2.0,1.0,unknown,1,1,0,1,1,0,530000.0
mubawab,appartement,Tunis,,160.0,4.0,4.0,3.0,unknown,1,1,0,1,1,0,335000.0
mubawab,appartement,Tunis,,98.0,2.0,2.0,1.0,ground_floor,1,0,0,1,1,0,288000.0
mubawab,appartement,Tunis,,193.0,3.0,3.0,,unknown,0,1,0,0,0,0,1100000.0
mubawab,appartement,Tunis,,74.0,2.0,2.0,1.0,unknown,1,1,0,1,1,0,225000.0
mubawab,appartement,Tunis,El Ouardia,137.0,2.0,2.0,1.0,unknown,0,1,0,1,1,0,290000.0
mubawab,appartement,Tunis,,137.0,3.0,3.0,2.0,unknown,1,1,0,1,1,0,320000.0
mubawab,appartement,Tunis,El Menzah 1,70.0,3.0,2.0,1.0,unknown,0,0,0,0,0,0,195000.0
mubawab,appartement,Tunis,,80.0,1.0,,,unknown,0,0,0,0,0,0,420000.0
mubawab,appartement,Tunis,,140.0,3.0,3.0,1.0,unknown,1,1,0,1,1,0,320000.0
mubawab,appartement,Tunis,,146.0,2.0,2.0,2.0,unknown,1,1,0,1,1,0,916000.0
mubawab,appartement,Tunis,,118.0,2.0,2.0,2.0,unknown,1,0,0,1,1,0,340000.0
mubawab,appartement,Tunis,,110.0,2.0,2.0,1.0,unknown,1,1,0,1,1,1,590000.0
mubawab,appartement,Tunis,,168.0,3.0,3.0,1.0,unknown,1,1,0,1,1,0,630000.0
mubawab,appartement,Tunis,,220.0,3.0,3.0,3.0,ground_floor,0,1,0,1,1,0,695000.0
mubawab,appartement,Tunis,,192.0,3.0,3.0,2.0,unknown,1,0,0,0,1,0,375000.0
mubawab,appartement,Tunis,,65.0,2.0,2.0,1.0,unknown,0,0,0,0,0,0,130000.0
mubawab,appartement,Tunis,,122.0,2.0,2.0,1.0,unknown,1,1,0,0,1,0,375000.0
mubawab,appartement,Tunis,,220.0,3.0,3.0,3.0,unknown,1,1,0,1,1,1,950000.0
mubawab,appartement,Tunis,,107.0,2.0,2.0,1.0,unknown,1,0,0,1,1,0,315000.0
mubawab,appartement,Tunis,,312.0,4.0,3.0,3.0,unknown,1,1,1,1,1,0,1900000.0
mubawab,appartement,Tunis,El Ouardia,110.0,2.0,2.0,1.0,unknown,0,0,0,0,1,0,280000.0
mubawab,appartement,Tunis,,56.0,3.0,3.0,1.0,unknown,1,0,0,1,1,0,188000.0
mubawab,appartement,Tunis,El Menzah 1,120.0,2.0,2.0,1.0,ground_floor,0,1,0,1,1,0,280000.0
mubawab,appartement,Tunis,,120.0,2.0,,2.0,unknown,1,1,0,1,1,0,670000.0
mubawab,appartement,Tunis,,,1.0,,1.0,unknown,1,1,0,1,1,0,275000.0
mubawab,appartement,Tunis,Centre Urbain Nord,132.0,2.0,2.0,2.0,unknown,1,1,0,1,1,0,430000.0
mubawab,appartement,Tunis,,115.0,2.0,2.0,1.0,unknown,1,1,0,1,1,0,560000.0
mubawab,appartement,Tunis,,162.0,3.0,3.0,1.0,unknown,1,1,0,1,1,0,550000.0
mubawab,appartement,Tunis,,100.0,2.0,2.0,1.0,floor_1,1,1,0,1,1,0,310000.0
mubawab,appartement,Tunis,,107.0,2.0,2.0,1.0,unknown,1,0,0,1,1,0,298000.0
mubawab,appartement,Tunis,,140.0,3.0,3.0,1.0,unknown,1,0,0,1,1,0,490000.0
mubawab,appartement,Tunis,Manar,203.0,4.0,4.0,3.0,unknown,0,1,0,1,1,0,490000.0
mubawab,appartement,Tunis,,150.0,4.0,3.0,2.0,ground_floor,0,1,0,1,1,0,700000.0
mubawab,appartement,Tunis,,54.0,1.0,,1.0,unknown,1,1,0,1,1,0,245000.0
mubawab,appartement,Tunis,,135.0,4.0,3.0,3.0,unknown,1,1,0,1,1,0,1100000.0
mubawab,appartement,Tunis,,102.0,3.0,3.0,1.0,unknown,1,0,0,1,1,0,245000.0
mubawab,appartement,Tunis,,69.0,2.0,2.0,1.0,unknown,0,1,0,0,0,0,450000.0
mubawab,appartement,Tunis,,129.0,3.0,3.0,1.0,unknown,0,1,0,1,1,0,370000.0
mubawab,appartement,Tunis,,145.0,3.0,3.0,2.0,unknown,0,0,0,1,1,0,298000.0
mubawab,appartement,Tunis,,108.0,2.0,2.0,1.0,unknown,1,1,0,1,1,0,399600.0
mubawab,appartement,Tunis,Manar,140.0,3.0,3.0,2.0,unknown,1,0,0,1,1,0,310000.0
mubawab,appartement,Tunis,,62.0,3.0,,1.0,unknown,0,0,0,0,1,0,210000.0
mubawab,appartement,Tunis,,148.0,3.0,3.0,1.0,unknown,1,0,0,1,1,0,350000.0
mubawab,appartement,Tunis,,106.0,2.0,2.0,1.0,unknown,1,1,0,1,1,0,380000.0
mubawab,appartement,Tunis,,115.0,3.0,3.0,2.0,unknown,1,0,0,1,1,0,425000.0
mubawab,appartement,Tunis,El Ouardia,100.0,3.0,3.0,1.0,ground_floor,0,0,0,0,0,0,174000.0
mubawab,appartement,Tunis,,75.0,2.0,2.0,1.0,unknown,0,1,0,0,0,0,430000.0
mubawab,appartement,Tunis,,124.0,3.0,3.0,2.0,floor_1,1,1,0,1,1,0,210000.0
mubawab,appartement,Tunis,,158.0,3.0,3.0,,unknown,0,1,0,0,0,0,750000.0
mubawab,appartement,Tunis,,63.0,1.0,1.0,1.0,unknown,1,0,0,1,1,0,247000.0
mubawab,appartement,Tunis,,134.0,2.0,2.0,2.0,floor_2,0,1,0,1,1,0,300000.0
mubawab,appartement,Tunis,,230.0,3.0,3.0,2.0,unknown,1,1,0,0,0,0,1150000.0
mubawab,appartement,Tunis,,80.0,1.0,,,unknown,0,1,0,0,0,0,440000.0
mubawab,appartement,Tunis,,60.0,1.0,1.0,1.0,unknown,1,1,0,1,1,1,380000.0
mubawab,appartement,Tunis,,134.0,3.0,3.0,1.0,unknown,1,1,0,1,1,0,230000.0
mubawab,appartement,Tunis,,101.0,2.0,2.0,1.0,floor_1,1,1,0,1,1,0,351000.0
mubawab,appartement,Tunis,,170.0,3.0,3.0,2.0,unknown,1,1,0,1,1,0,60000.0
mubawab,appartement,Tunis,,110.0,2.0,2.0,1.0,floor_4,0,1,0,1,1,0,295000.0
mubawab,appartement,Tunis,,59.0,2.0,2.0,2.0,unknown,1,1,0,1,1,1,550000.0
mubawab,appartement,Tunis,,55.0,1.0,1.0,1.0,ground_floor,1,0,0,1,1,0,185000.0
mubawab,appartement,Tunis,,68.0,1.0,,1.0,unknown,1,0,0,1,1,0,248000.0
mubawab,appartement,Tunis,,115.0,2.0,2.0,2.0,unknown,1,1,0,1,1,0,340000.0
mubawab,appartement,Tunis,,109.0,3.0,3.0,1.0,unknown,1,0,0,1,1,0,280000.0
mubawab,appartement,Tunis,,146.0,3.0,3.0,3.0,unknown,1,1,0,1,1,0,380000.0
mubawab,appartement,Tunis,Centre Urbain Nord,90.0,2.0,2.0,1.0,unknown,1,1,0,1,1,0,380000.0
mubawab,appartement,Tunis,,149.0,3.0,3.0,2.0,floor_2,1,1,0,1,1,0,365000.0
mubawab,appartement,Tunis,,73.0,1.0,,1.0,unknown,1,1,0,1,1,0,260000.0
mubawab,appartement,Tunis,,75.0,1.0,1.0,1.0,floor_4,1,0,0,1,1,0,170000.0
mubawab,appartement,Tunis,,86.0,2.0,2.0,1.0,unknown,0,1,0,0,0,0,353000.0
mubawab,appartement,Tunis,,60.0,2.0,2.0,,floor_1,0,0,0,0,1,0,130000.0
mubawab,appartement,Tunis,,300.0,3.0,3.0,,unknown,0,1,1,0,0,0,1800000.0
mubawab,appartement,Tunis,,65.0,2.0,2.0,1.0,floor_1,0,0,0,0,0,0,100000.0
mubawab,appartement,Tunis,,87.0,1.0,,1.0,unknown,1,1,0,1,1,0,450000.0
mubawab,appartement,Tunis,,297.0,4.0,3.0,2.0,ground_floor,0,1,0,1,1,0,475000.0
mubawab,appartement,Tunis,,90.0,2.0,2.0,1.0,floor_1,0,0,0,0,0,0,285000.0
mubawab,appartement,Tunis,El Ouardia,120.0,4.0,3.0,1.0,unknown,0,0,0,1,0,0,250000.0
mubawab,appartement,Tunis,,114.0,2.0,2.0,1.0,unknown,1,1,0,1,1,0,290000.0
mubawab,appartement,Tunis,,160.0,3.0,3.0,1.0,unknown,0,1,0,1,0,1,730000.0
mubawab,appartement,Tunis,,150.0,3.0,3.0,3.0,unknown,1,1,0,0,0,0,590000.0
mubawab,appartement,Tunis,,125.0,3.0,3.0,2.0,ground_floor,0,1,0,1,1,0,465000.0
mubawab,appartement,Tunis,,108.0,3.0,2.0,1.0,floor_1,0,1,0,0,0,0,250000.0
mubawab,appartement,Tunis,,90.0,1.0,,1.0,unknown,1,1,0,1,1,0,420000.0
mubawab,appartement,Tunis,,113.0,4.0,3.0,2.0,unknown,0,0,0,1,1,0,520000.0
mubawab,appartement,Tunis,,80.0,3.0,3.0,1.0,unknown,1,0,0,0,0,0,230000.0
mubawab,appartement,Tunis,,75.0,1.0,,1.0,unknown,1,1,0,1,1,0,560000.0
mubawab,appartement,Tunis,,113.0,3.0,2.0,1.0,unknown,1,1,0,1,1,0,350000.0
mubawab,appartement,Tunis,,94.0,3.0,3.0,1.0,unknown,1,0,0,1,1,0,280000.0
mubawab,appartement,Tunis,,65.0,1.0,1.0,1.0,unknown,0,0,0,0,0,0,120000.0
mubawab,appartement,Tunis,Manar,109.0,2.0,2.0,1.0,unknown,0,0,0,0,1,0,195000.0
mubawab,appartement,Tunis,,158.0,3.0,3.0,2.0,unknown,1,1,0,1,1,0,730000.0
mubawab,appartement,Tunis,,108.0,2.0,2.0,1.0,unknown,1,1,0,1,1,0,335000.0
mubawab,appartement,Tunis,,45.0,3.0,2.0,,floor_1,0,0,0,0,0,0,95000.0
mubawab,appartement,Tunis,,,1.0,,1.0,floor_1,1,1,0,1,1,0,259400.0
mubawab,appartement,Tunis,,584.0,4.0,4.0,4.0,ground_floor,0,1,0,1,1,0,2600000.0
mubawab,appartement,Tunis,,312.0,3.0,3.0,2.0,unknown,1,1,0,1,1,0,1600000.0
mubawab,appartement,Tunis,,62.0,1.0,1.0,1.0,unknown,0,0,0,0,0,0,195000.0
mubawab,appartement,Tunis,,136.0,3.0,3.0,2.0,unknown,1,1,0,1,1,0,375000.0
mubawab,appartement,Tunis,,54.0,1.0,1.0,1.0,unknown,1,0,0,0,1,0,193000.0
mubawab,appartement,Tunis,,64.0,1.0,,1.0,unknown,0,1,0,1,1,1,260000.0
mubawab,appartement,Tunis,,200.0,3.0,3.0,2.0,unknown,1,1,0,1,1,0,1300000.0
mubawab,appartement,Tunis,,157.0,3.0,3.0,1.0,unknown,0,0,0,0,0,1,400000.0
mubawab,appartement,Tunis,,185.0,4.0,4.0,2.0,unknown,1,1,0,1,1,0,385000.0
mubawab,appartement,Tunis,,58.0,1.0,,1.0,unknown,0,0,0,1,1,0,245000.0
mubawab,appartement,Tunis,,121.0,3.0,3.0,2.0,unknown,1,0,0,1,1,0,325000.0
mubawab,appartement,Tunis,,90.0,2.0,2.0,1.0,ground_floor,1,0,0,1,1,0,238000.0
mubawab,appartement,Tunis,,42.0,1.0,1.0,1.0,unknown,1,1,0,1,1,0,186000.0
mubawab,appartement,Tunis,,137.0,3.0,3.0,2.0,unknown,1,0,0,1,1,0,370000.0
mubawab,appartement,Tunis,,193.84,3.0,3.0,3.0,unknown,1,1,0,1,1,0,1330000.0
mubawab,appartement,Tunis,,66.0,1.0,,1.0,unknown,1,0,0,1,0,0,259000.0
mubawab,appartement,Tunis,,108.0,2.0,2.0,2.0,unknown,1,0,0,1,1,0,315000.0
mubawab,appartement,Tunis,Manar,125.0,3.0,3.0,2.0,floor_1,1,0,0,1,1,0,300000.0
mubawab,appartement,Tunis,,60.0,1.0,,1.0,unknown,1,1,0,1,1,1,340000.0
mubawab,appartement,Tunis,,140.0,3.0,3.0,2.0,ground_floor,1,1,0,1,1,0,550000.0
mubawab,appartement,Tunis,,122.0,2.0,2.0,2.0,unknown,1,1,0,1,1,0,435000.0
mubawab,appartement,Tunis,,48.0,1.0,1.0,1.0,unknown,1,1,0,1,1,0,186000.0
mubawab,appartement,Tunis,,53.0,1.0,1.0,1.0,floor_7,1,0,0,1,1,0,198000.0
mubawab,appartement,Tunis,,83.0,2.0,2.0,1.0,unknown,0,1,0,1,1,1,265000.0
mubawab,appartement,Tunis,,106.0,2.0,2.0,3.0,unknown,1,1,0,1,1,0,380000.0
mubawab,appartement,Tunis,,200.0,3.0,3.0,3.0,floor_4,1,1,0,1,1,0,945000.0
mubawab,appartement,Tunis,,49.0,1.0,1.0,1.0,unknown,1,1,1,1,1,1,215000.0
mubawab,appartement,Tunis,,100.0,2.0,2.0,,unknown,0,1,0,1,1,0,295000.0
mubawab,appartement,Tunis,,206.0,3.0,3.0,1.0,unknown,0,1,0,1,1,0,740000.0
mubawab,appartement,Tunis,El Menzah 1,72.0,2.0,,,unknown,0,0,0,0,0,0,255000.0
mubawab,appartement,Tunis,,149.0,3.0,3.0,2.0,floor_2,1,1,0,1,1,0,365000.0
mubawab,appartement,Tunis,,63.0,1.0,,1.0,unknown,1,0,0,1,1,1,247000.0
mubawab,appartement,Tunis,,278.0,3.0,3.0,4.0,floor_4,1,1,0,1,1,0,1500000.0
mubawab,appartement,Tunis,,117.0,2.0,2.0,2.0,unknown,1,1,0,1,1,0,475000.0
mubawab,appartement,Tunis,Tunis Belvedere,100.0,2.0,2.0,1.0,floor_1,0,0,0,1,1,1,330000.0
mubawab,appartement,Tunis,,120.0,4.0,4.0,1.0,unknown,1,1,0,0,1,0,360000.0
mubawab,appartement,Tunis,,63.0,1.0,1.0,1.0,ground_floor,0,1,0,1,1,0,180000.0
mubawab,appartement,Tunis,Manar,90.0,3.0,2.0,1.0,unknown,1,0,0,0,1,0,270000.0
mubawab,appartement,Tunis,,120.0,3.0,3.0,2.0,unknown,0,1,0,1,1,0,750000.0
mubawab,appartement,Tunis,,146.0,3.0,3.0,3.0,unknown,1,1,0,1,1,0,750000.0
mubawab,appartement,Tunis,El Ouardia,70.0,2.0,2.0,1.0,unknown,1,0,0,0,0,0,89000.0
mubawab,appartement,Tunis,,195.0,3.0,3.0,3.0,unknown,1,1,0,1,1,0,795000.0
mubawab,appartement,Tunis,,136.0,3.0,2.0,,unknown,1,1,0,1,1,0,375000.0
mubawab,appartement,Tunis,,64.0,1.0,1.0,1.0,unknown,0,0,0,0,0,0,217000.0
mubawab,appartement,Tunis,,145.0,3.0,3.0,1.0,unknown,1,1,0,1,1,0,650000.0
mubawab,appartement,Tunis,El Omrane,100.0,2.0,2.0,1.0,unknown,1,0,0,1,1,0,270000.0
mubawab,appartement,Tunis,,230.0,3.0,3.0,2.0,unknown,1,1,0,1,1,0,990000.0
mubawab,appartement,Tunis,El Ouardia,130.0,3.0,3.0,1.0,floor_4,1,1,0,1,1,0,270000.0
mubawab,appartement,Tunis,,82.0,2.0,2.0,1.0,unknown,1,0,0,1,1,0,288000.0
mubawab,appartement,Tunis,,133.0,3.0,3.0,1.0,unknown,0,1,0,1,1,0,350000.0
mubawab,appartement,Tunis,,43.0,1.0,1.0,1.0,unknown,1,0,0,1,1,0,150000.0
mubawab,appartement,Tunis,,90.0,1.0,,1.0,unknown,1,1,1,1,1,0,420000.0
mubawab,appartement,Tunis,,100.0,2.0,2.0,1.0,ground_floor,1,1,0,0,1,0,298000.0
mubawab,appartement,Tunis,,91.0,2.0,2.0,1.0,unknown,1,1,0,1,1,0,375000.0
mubawab,appartement,Tunis,,110.0,2.0,2.0,2.0,unknown,1,1,0,1,1,1,590000.0
mubawab,appartement,Tunis,,85.0,1.0,,1.0,floor_2,1,1,0,1,1,1,295000.0
mubawab,appartement,Tunis,,77.0,1.0,,2.0,unknown,0,0,0,0,0,0,215000.0
mubawab,appartement,Tunis,,200.0,4.0,3.0,2.0,unknown,0,0,0,0,0,0,820000.0
mubawab,appartement,Tunis,,67.0,1.0,,1.0,unknown,1,1,0,1,1,0,255600.0
mubawab,appartement,Tunis,,105.0,2.0,2.0,1.0,floor_2,1,1,0,1,1,0,345000.0
mubawab,appartement,Tunis,,100.0,5.0,4.0,1.0,unknown,0,0,0,0,1,0,190000.0
mubawab,appartement,Tunis,,137.0,3.0,3.0,1.0,unknown,0,1,0,0,0,0,990000.0
mubawab,appartement,Tunis,,49.0,1.0,1.0,1.0,unknown,1,0,0,1,1,0,185000.0
mubawab,appartement,Tunis,,87.0,2.0,2.0,1.0,unknown,1,0,0,0,1,0,210000.0
mubawab,appartement,Tunis,,111.0,2.0,2.0,2.0,unknown,1,1,1,1,1,0,695000.0
mubawab,appartement,Tunis,,112.0,3.0,2.0,1.0,unknown,1,1,0,1,1,0,700000.0
mubawab,appartement,Tunis,,90.0,2.0,2.0,1.0,unknown,0,1,0,1,0,0,245000.0
mubawab,appartement,Tunis,,90.0,2.0,2.0,1.0,unknown,1,0,0,1,1,1,280000.0
mubawab,appartement,Tunis,,199.0,3.0,3.0,3.0,unknown,1,1,0,1,1,0,785000.0
mubawab,appartement,Tunis,,194.0,3.0,3.0,3.0,ground_floor,1,1,1,1,1,0,970000.0
mubawab,appartement,Tunis,,80.0,1.0,,1.0,floor_1,1,1,0,1,1,0,326000.0
mubawab,appartement,Tunis,Manar,120.0,3.0,3.0,1.0,floor_3,1,1,0,0,0,0,255000.0
mubawab,appartement,Tunis,,134.0,2.0,,2.0,unknown,1,1,0,0,1,0,285000.0
mubawab,appartement,Tunis,,135.0,2.0,2.0,2.0,ground_floor,0,1,0,1,1,0,680000.0
mubawab,appartement,Tunis,,142.0,3.0,3.0,2.0,ground_floor,0,1,0,1,1,0,355000.0
mubawab,appartement,Tunis,Manar,120.0,4.0,3.0,2.0,unknown,1,0,0,0,1,0,350000.0
mubawab,appartement,Tunis,El Omrane,185.0,3.0,3.0,3.0,unknown,1,1,0,1,1,0,400000.0
mubawab,appartement,Tunis,,148.0,4.0,4.0,1.0,unknown,0,0,0,0,1,0,350000.0
mubawab,appartement,Tunis,El Menzah 9,120.0,3.0,2.0,1.0,unknown,0,1,0,1,1,0,280000.0
mubawab,appartement,Tunis,,65.0,1.0,1.0,1.0,unknown,0,0,0,0,0,0,220000.0
mubawab,appartement,Tunis,,149.0,4.0,4.0,1.0,floor_6,1,1,0,1,1,0,400000.0
mubawab,appartement,Tunis,,71.0,1.0,,1.0,unknown,1,1,0,1,1,0,250000.0
mubawab,appartement,Tunis,,50.0,2.0,2.0,1.0,unknown,1,0,0,1,1,0,160000.0
mubawab,appartement,Tunis,,75.0,1.0,,1.0,floor_1,1,1,0,0,0,0,299000.0
mubawab,appartement,Tunis,,133.0,3.0,3.0,1.0,floor_5,1,0,0,0,1,0,335000.0
mubawab,appartement,Tunis,,123.0,2.0,2.0,2.0,unknown,1,1,0,1,1,0,480000.0
mubawab,appartement,Tunis,,365.0,4.0,3.0,3.0,unknown,0,1,0,0,0,0,375000.0
mubawab,appartement,Tunis,,138.0,3.0,3.0,2.0,unknown,1,0,0,1,1,0,255000.0
mubawab,appartement,Tunis,,63.0,1.0,1.0,1.0,floor_1,0,0,0,0,0,0,155000.0
mubawab,appartement,Tunis,,86.0,2.0,2.0,1.0,unknown,0,0,0,0,0,0,145000.0
mubawab,appartement,Tunis,,86.0,2.0,2.0,1.0,unknown,0,0,0,0,0,0,110000.0
mubawab,appartement,Tunis,,163.0,3.0,3.0,3.0,unknown,1,1,1,1,1,0,860000.0
mubawab,appartement,Tunis,,112.0,2.0,2.0,2.0,unknown,1,1,0,1,1,0,570000.0
mubawab,appartement,Tunis,,109.0,2.0,2.0,1.0,unknown,1,1,0,1,1,0,315000.0
mubawab,appartement,Tunis,,50.0,1.0,1.0,1.0,unknown,0,0,0,1,0,1,170000.0
mubawab,appartement,Tunis,,54.0,1.0,1.0,1.0,unknown,1,0,0,0,1,0,185000.0
mubawab,appartement,Tunis,,137.0,3.0,3.0,2.0,unknown,1,1,0,1,1,0,990000.0
mubawab,appartement,Tunis,,125.0,2.0,2.0,3.0,unknown,1,0,0,1,1,0,330000.0
mubawab,appartement,Tunis,,50.0,1.0,1.0,1.0,unknown,0,0,0,0,0,0,135000.0
mubawab,appartement,Tunis,,158.0,2.0,,,ground_floor,0,0,0,0,1,0,350000.0
mubawab,appartement,Tunis,,50.0,1.0,,1.0,floor_1,1,0,0,0,0,0,68000.0
mubawab,appartement,Tunis,,68.0,1.0,,2.0,unknown,1,1,0,1,1,1,305000.0
mubawab,appartement,Tunis,El Menzah 9,120.0,2.0,2.0,2.0,ground_floor,1,1,0,1,1,0,480000.0
mubawab,appartement,Tunis,El Menzah 9,136.0,3.0,3.0,1.0,unknown,0,0,0,0,1,0,210000.0
mubawab,appartement,Tunis,,112.0,3.0,3.0,2.0,unknown,0,0,0,0,0,0,390000.0
mubawab,appartement,Tunis,,100.0,2.0,2.0,1.0,unknown,1,1,0,0,1,0,225000.0
mubawab,appartement,Tunis,,50.0,1.0,1.0,1.0,unknown,1,0,0,0,1,0,140000.0
mubawab,appartement,Tunis,El Menzah 9,120.0,2.0,2.0,1.0,unknown,0,1,0,1,1,0,270000.0
mubawab,appartement,Tunis,,108.0,2.0,2.0,1.0,unknown,1,1,0,1,1,1,320000.0
mubawab,appartement,Tunis,El Omrane,83.0,6.0,5.0,2.0,unknown,0,1,0,1,0,0,218000.0
mubawab,appartement,Tunis,,47.0,1.0,0.0,1.0,unknown,1,0,0,1,1,1,150000.0
mubawab,appartement,Tunis,,58.0,1.0,,1.0,unknown,1,1,0,1,1,1,250000.0
mubawab,appartement,Tunis,,96.0,2.0,2.0,1.0,unknown,1,1,0,1,1,0,250000.0
mubawab,appartement,Tunis,Manar,65.0,1.0,1.0,1.0,floor_1,1,1,0,1,1,0,190000.0
mubawab,appartement,Tunis,,47.0,1.0,1.0,1.0,unknown,1,0,0,1,1,0,380000.0
mubawab,appartement,Tunis,Manar,90.0,2.0,2.0,1.0,unknown,0,0,0,0,0,0,265000.0
mubawab,appartement,Tunis,Manar,100.0,3.0,3.0,1.0,unknown,1,0,0,1,1,0,270000.0
mubawab,appartement,Tunis,,117.0,2.0,2.0,1.0,floor_1,1,1,0,0,1,0,357000.0
mubawab,appartement,Tunis,,350.0,5.0,4.0,5.0,unknown,1,1,1,1,1,0,1950000.0
mubawab,appartement,Tunis,El Menzah 9,212.0,4.0,4.0,1.0,ground_floor,0,1,0,0,0,0,725000.0
mubawab,appartement,Tunis,,48.0,1.0,1.0,1.0,unknown,1,0,0,0,1,0,176000.0
mubawab,appartement,Tunis,,87.0,2.0,2.0,2.0,unknown,1,0,0,1,1,0,245000.0
mubawab,appartement,Tunis,Manar,500.0,10.0,9.0,5.0,ground_floor,0,1,0,1,1,0,1600000.0
mubawab,appartement,Tunis,,118.0,3.0,3.0,1.0,unknown,0,1,0,1,1,0,340000.0
mubawab,appartement,Tunis,,86.0,1.0,,1.0,unknown,0,1,0,0,0,0,270000.0
mubawab,appartement,Tunis,El Menzah 9,170.0,3.0,3.0,2.0,unknown,1,0,0,1,1,0,650000.0
mubawab,appartement,Tunis,,64.0,2.0,2.0,1.0,unknown,0,0,0,0,0,0,120000.0
mubawab,appartement,Tunis,,180.0,3.0,,2.0,unknown,0,0,0,0,0,0,280000.0
mubawab,appartement,Tunis,,142.0,4.0,3.0,1.0,floor_5,1,1,0,1,1,0,430000.0
mubawab,appartement,Tunis,,126.0,3.0,3.0,1.0,unknown,0,1,0,1,1,0,295000.0
mubawab,appartement,Tunis,,154.0,3.0,,2.0,floor_1,1,1,0,1,1,0,300000.0
mubawab,appartement,Tunis,,136.0,3.0,3.0,2.0,unknown,1,0,0,1,1,1,400000.0
mubawab,appartement,Tunis,,244.0,3.0,3.0,,unknown,0,1,0,0,0,0,1060000.0
mubawab,appartement,Tunis,,280.0,3.0,3.0,4.0,unknown,1,1,0,1,1,1,1650000.0
mubawab,appartement,Tunis,Centre Urbain Nord,133.0,3.0,3.0,2.0,unknown,1,1,0,1,1,0,550000.0
mubawab,appartement,Tunis,,118.0,3.0,2.0,1.0,unknown,1,0,0,1,1,0,380000.0
mubawab,appartement,Tunis,,113.0,2.0,2.0,1.0,unknown,1,1,0,1,1,0,320000.0
mubawab,appartement,Tunis,,86.0,2.0,2.0,1.0,unknown,1,1,0,1,1,0,245000.0
mubawab,appartement,Tunis,Centre Urbain Nord,61.0,3.0,2.0,1.0,unknown,1,1,0,0,0,0,290000.0
mubawab,appartement,Tunis,,145.0,3.0,2.0,2.0,unknown,1,1,0,1,1,0,480000.0
mubawab,appartement,Tunis,,190.0,4.0,4.0,,unknown,0,1,0,0,0,0,900000.0
mubawab,appartement,Tunis,,450.0,5.0,4.0,1.0,ground_floor,0,1,0,0,1,0,950000.0
mubawab,appartement,Tunis,,120.0,2.0,2.0,,unknown,0,1,0,0,0,0,700000.0
mubawab,appartement,Tunis,,96.0,2.0,2.0,1.0,unknown,0,1,0,0,0,0,275000.0
mubawab,appartement,Tunis,,59.0,1.0,1.0,1.0,unknown,1,0,0,1,1,1,195000.0
mubawab,appartement,Tunis,Manar,100.0,2.0,2.0,1.0,unknown,1,0,0,1,1,0,200000.0
mubawab,appartement,Tunis,,65.0,2.0,2.0,1.0,unknown,1,0,0,0,0,0,85000.0
mubawab,appartement,Tunis,Manar,160.0,3.0,3.0,2.0,unknown,1,0,0,1,1,0,280000.0
mubawab,appartement,Tunis,,170.0,3.0,3.0,1.0,unknown,1,1,0,1,1,0,320000.0
mubawab,appartement,Tunis,La Marsa,125.0,2.0,2.0,2.0,unknown,1,1,0,1,1,1,510000.0
mubawab,appartement,Tunis,,180.0,4.0,4.0,2.0,ground_floor,0,1,0,0,0,0,280000.0
mubawab,appartement,Tunis,,95.0,2.0,2.0,2.0,unknown,1,1,0,1,1,0,375000.0
mubawab,appartement,Tunis,,85.0,2.0,2.0,1.0,ground_floor,0,0,0,0,1,0,180000.0
mubawab,appartement,Tunis,El Menzah 9,110.0,3.0,3.0,2.0,unknown,0,0,0,1,1,0,390000.0
mubawab,appartement,Tunis,,143.0,3.0,3.0,2.0,unknown,1,1,0,1,1,0,920000.0
mubawab,appartement,Tunis,,118.0,2.0,2.0,1.0,ground_floor,0,1,0,0,0,0,630000.0
mubawab,appartement,Tunis,,200.0,3.0,3.0,,unknown,0,1,0,0,0,0,1300000.0
mubawab,appartement,Tunis,Centre Urbain Nord,175.0,3.0,3.0,3.0,unknown,1,1,0,1,1,0,820000.0
mubawab,appartement,Tunis,,162.0,3.0,3.0,2.0,unknown,1,1,0,1,1,0,550000.0
mubawab,appartement,Tunis,,90.0,2.0,,1.0,unknown,1,1,0,0,1,0,360000.0
mubawab,appartement,Tunis,,130.0,4.0,3.0,1.0,unknown,1,1,0,1,1,0,590000.0
mubawab,appartement,Tunis,,85.0,2.0,2.0,1.0,unknown,0,0,0,0,0,0,110000.0
mubawab,appartement,Tunis,,68.0,1.0,1.0,1.0,unknown,1,1,0,1,1,0,225000.0
mubawab,appartement,Tunis,,108.0,2.0,2.0,1.0,unknown,1,1,0,1,1,1,320000.0
mubawab,appartement,Tunis,Bab Souika,120.0,3.0,3.0,1.0,unknown,0,0,0,0,0,0,280000.0
mubawab,appartement,Tunis,,95.0,2.0,2.0,1.0,unknown,1,0,0,0,0,0,260000.0
mubawab,appartement,Tunis,,134.0,2.0,2.0,1.0,unknown,0,1,0,0,0,0,540000.0
mubawab,appartement,Tunis,,108.0,2.0,2.0,1.0,ground_floor,1,1,0,0,1,0,320000.0
mubawab,appartement,Tunis,,158.0,3.0,3.0,3.0,unknown,1,1,0,1,1,0,567000.0
mubawab,appartement,Tunis,,322.0,3.0,,,unknown,0,1,1,0,0,0,1800000.0
mubawab,appartement,Tunis,,113.0,3.0,3.0,2.0,unknown,0,1,0,1,1,0,310000.0
mubawab,appartement,Tunis,,119.0,2.0,2.0,2.0,unknown,1,1,0,1,1,0,428400.0
mubawab,appartement,Tunis,,162.0,3.0,3.0,2.0,unknown,1,1,0,1,1,0,605000.0
mubawab,appartement,Tunis,,151.0,3.0,3.0,2.0,floor_1,1,1,0,0,1,0,460000.0
mubawab,appartement,Tunis,Centre Urbain Nord,104.0,3.0,3.0,2.0,ground_floor,1,1,0,1,1,0,530000.0
mubawab,appartement,Tunis,,165.0,3.0,3.0,1.0,unknown,1,1,0,1,1,0,550000.0
mubawab,appartement,Tunis,,156.0,4.0,3.0,2.0,unknown,1,1,0,1,1,0,380000.0
mubawab,appartement,Tunis,,273.0,3.0,3.0,3.0,unknown,1,1,0,1,1,0,1400000.0
mubawab,appartement,Tunis,,103.0,3.0,3.0,1.0,unknown,1,1,0,1,1,0,320000.0
mubawab,appartement,Tunis,,110.0,2.0,2.0,2.0,unknown,1,0,0,1,1,0,290000.0
mubawab,appartement,Tunis,,44.0,1.0,1.0,1.0,unknown,1,0,0,1,1,0,190000.0
mubawab,appartement,Tunis,,85.0,2.0,2.0,1.0,unknown,1,0,0,1,0,0,338000.0
mubawab,appartement,Tunis,,100.0,2.0,2.0,2.0,unknown,1,0,0,0,0,0,243000.0
mubawab,appartement,Tunis,,60.0,1.0,1.0,1.0,unknown,1,0,0,1,1,0,196000.0
mubawab,appartement,Tunis,,100.0,4.0,3.0,,unknown,0,0,0,0,0,0,430000.0
mubawab,appartement,Tunis,,226.0,4.0,4.0,2.0,unknown,1,1,0,1,1,0,475000.0
mubawab,appartement,Tunis,,55.0,2.0,2.0,1.0,unknown,1,1,0,1,1,1,550000.0
mubawab,appartement,Tunis,,57.0,1.0,,1.0,unknown,1,1,0,1,1,0,250000.0
mubawab,appartement,Tunis,Centre Urbain Nord,84.0,1.0,,1.0,unknown,1,0,0,1,1,0,295000.0
mubawab,appartement,Tunis,Manar,65.0,2.0,2.0,2.0,unknown,1,0,0,0,1,0,215000.0
mubawab,appartement,Tunis,,180.0,3.0,3.0,3.0,unknown,1,1,0,1,1,0,480000.0
mubawab,appartement,Tunis,,120.0,2.0,2.0,2.0,unknown,1,0,0,1,1,0,265000.0
mubawab,appartement,Tunis,,46.0,1.0,1.0,1.0,unknown,1,1,1,1,1,0,211000.0
mubawab,appartement,Tunis,,202.0,3.0,3.0,3.0,unknown,1,1,0,1,1,0,820000.0
mubawab,appartement,Tunis,,165.0,3.0,3.0,3.0,unknown,1,1,0,1,1,0,500000.0
mubawab,appartement,Tunis,,135.0,3.0,3.0,1.0,floor_7,1,0,0,0,0,0,350000.0
mubawab,appartement,Tunis,,129.0,2.0,2.0,2.0,unknown,1,1,0,1,1,0,390000.0
mubawab,appartement,Tunis,Ain Zaghouan Nord,189.0,3.0,3.0,,unknown,1,1,0,1,1,0,840000.0
mubawab,appartement,Tunis,,120.0,2.0,2.0,2.0,unknown,1,0,0,1,1,0,600000.0
mubawab,appartement,Tunis,,195.0,3.0,3.0,1.0,unknown,0,1,0,1,1,0,1100000.0
mubawab,appartement,Tunis,,61.0,1.0,,,unknown,0,0,0,0,0,0,350550.0
mubawab,appartement,Tunis,,85.0,2.0,2.0,1.0,floor_1,0,0,0,0,0,0,160000.0
mubawab,appartement,Tunis,,73.0,1.0,1.0,1.0,unknown,1,0,0,1,1,0,205000.0
mubawab,appartement,Tunis,,87.0,2.0,2.0,2.0,unknown,1,1,0,1,1,0,353000.0
mubawab,appartement,Tunis,,140.0,2.0,,1.0,unknown,0,0,0,0,0,0,450000.0
mubawab,appartement,Tunis,,289.0,3.0,3.0,1.0,unknown,1,1,0,1,1,0,1480000.0
mubawab,appartement,Tunis,,72.0,1.0,,1.0,unknown,1,0,0,1,1,0,308000.0
mubawab,appartement,Tunis,,61.0,1.0,1.0,1.0,unknown,1,1,0,1,1,0,200000.0
mubawab,appartement,Tunis,,174.0,3.0,3.0,2.0,unknown,1,1,0,1,1,0,365000.0
mubawab,appartement,Tunis,,100.0,2.0,2.0,1.0,unknown,0,0,0,0,0,0,140000.0
mubawab,appartement,Tunis,,230.0,3.0,3.0,2.0,unknown,1,1,0,1,1,0,990000.0
mubawab,appartement,Tunis,,180.0,4.0,4.0,1.0,unknown,0,1,0,0,0,0,430000.0
mubawab,appartement,Tunis,,170.0,3.0,3.0,2.0,unknown,0,1,0,1,1,0,740000.0
mubawab,appartement,Tunis,,63.0,1.0,,1.0,unknown,1,1,0,1,1,0,250000.0
mubawab,appartement,Tunis,,98.0,2.0,2.0,1.0,unknown,1,1,0,1,1,1,320000.0
mubawab,appartement,Tunis,,56.0,1.0,1.0,1.0,unknown,1,1,0,1,1,0,235200.0
mubawab,appartement,Tunis,,146.0,3.0,3.0,1.0,unknown,1,0,0,1,1,0,258000.0
mubawab,appartement,Tunis,Manar,115.0,3.0,3.0,2.0,unknown,1,0,0,1,1,0,225000.0
mubawab,appartement,Tunis,,130.0,3.0,3.0,1.0,unknown,1,1,0,1,1,0,590000.0
mubawab,appartement,Tunis,,73.0,1.0,,1.0,unknown,1,1,0,0,0,0,270000.0
mubawab,appartement,Tunis,,312.0,3.0,3.0,1.0,unknown,1,1,0,0,1,0,1600000.0
mubawab,appartement,Tunis,,128.0,3.0,3.0,1.0,unknown,1,1,0,1,1,0,300000.0
mubawab,appartement,Tunis,,57.0,1.0,1.0,1.0,unknown,1,1,0,1,1,0,216000.0
mubawab,appartement,Tunis,,107.0,3.0,3.0,1.0,unknown,0,1,0,1,1,0,380000.0
mubawab,appartement,Tunis,,56.0,1.0,,1.0,unknown,1,1,0,1,1,0,248000.0
mubawab,appartement,Tunis,,168.0,3.0,3.0,2.0,unknown,1,0,0,0,0,0,435000.0
mubawab,appartement,Tunis,,125.0,2.0,2.0,2.0,unknown,1,1,0,1,1,0,400000.0
mubawab,appartement,Tunis,,160.0,3.0,3.0,1.0,unknown,1,1,0,1,1,0,730000.0
mubawab,appartement,Tunis,,171.0,3.0,3.0,2.0,unknown,1,1,0,1,1,0,370000.0
mubawab,appartement,Tunis,,125.0,2.0,2.0,2.0,unknown,0,1,0,1,1,0,580000.0
mubawab,appartement,Tunis,El Ouardia,60.0,2.0,2.0,1.0,unknown,0,1,0,0,0,0,65000.0
mubawab,appartement,Tunis,,99.0,2.0,2.0,1.0,unknown,1,1,0,1,1,0,275000.0
mubawab,appartement,Tunis,,60.0,1.0,1.0,1.0,unknown,1,0,0,1,1,1,187000.0
mubawab,appartement,Tunis,,120.0,3.0,3.0,2.0,unknown,1,1,0,1,1,1,550000.0
mubawab,appartement,Tunis,,67.0,1.0,,,ground_floor,0,0,0,0,1,0,330000.0
mubawab,appartement,Tunis,,186.0,3.0,3.0,1.0,floor_1,0,1,0,1,1,1,550000.0
mubawab,appartement,Tunis,,95.0,2.0,2.0,2.0,unknown,1,1,0,1,1,0,550000.0
mubawab,appartement,Tunis,El Ouardia,82.0,2.0,2.0,1.0,unknown,1,1,0,1,1,0,185000.0
mubawab,appartement,Tunis,,191.0,4.0,4.0,3.0,unknown,1,0,0,1,1,0,640000.0
mubawab,appartement,Tunis,,176.0,4.0,3.0,1.0,floor_1,1,1,0,1,1,0,430000.0
mubawab,appartement,Tunis,,49.0,1.0,1.0,1.0,unknown,1,0,0,1,0,0,185000.0
mubawab,appartement,Tunis,,464.0,6.0,5.0,4.0,unknown,0,1,0,1,1,0,1400000.0
mubawab,appartement,Tunis,,95.0,2.0,2.0,1.0,unknown,0,0,0,1,1,0,345000.0
mubawab,appartement,Tunis,,67.0,1.0,,1.0,unknown,1,0,0,0,1,0,268000.0
mubawab,appartement,Tunis,,200.0,3.0,3.0,1.0,unknown,0,1,0,0,0,0,920000.0
mubawab,appartement,Tunis,Manar,85.0,2.0,2.0,2.0,floor_3,1,0,0,0,0,0,270000.0
mubawab,appartement,Tunis,,74.0,1.0,,1.0,unknown,1,1,0,1,1,0,260000.0
mubawab,appartement,Tunis,,50.0,1.0,1.0,1.0,unknown,1,1,0,1,1,0,200000.0
mubawab,appartement,Tunis,,225.0,3.0,3.0,2.0,unknown,1,1,0,1,1,0,1485000.0
mubawab,appartement,Tunis,,208.0,4.0,4.0,3.0,unknown,1,0,0,1,1,0,550000.0
mubawab,appartement,Tunis,,66.0,2.0,2.0,1.0,unknown,1,1,0,1,1,0,550000.0
mubawab,appartement,Tunis,,87.0,2.0,2.0,1.0,unknown,0,0,0,0,1,1,400000.0
mubawab,appartement,Tunis,,49.0,1.0,1.0,1.0,unknown,1,1,1,1,1,0,218000.0
mubawab,appartement,Tunis,,193.0,3.0,3.0,3.0,floor_2,1,1,0,1,1,0,1050000.0
mubawab,appartement,Tunis,,220.0,4.0,4.0,3.0,unknown,0,1,0,1,0,0,1200000.0
mubawab,appartement,Tunis,,74.0,2.0,,1.0,ground_floor,1,1,0,1,1,0,340000.0
mubawab,appartement,Tunis,,111.0,3.0,3.0,3.0,unknown,1,0,0,1,1,0,360000.0
mubawab,appartement,Tunis,La Soukra,200.0,3.0,3.0,1.0,unknown,0,1,0,1,0,0,680000.0
mubawab,appartement,Tunis,,70.0,1.0,1.0,1.0,unknown,0,0,0,1,0,0,190000.0
mubawab,appartement,Tunis,,57.0,1.0,1.0,1.0,unknown,1,1,0,1,1,0,216600.0
mubawab,appartement,Tunis,Alain Savary,120.0,4.0,3.0,2.0,unknown,0,0,0,0,1,0,370000.0
mubawab,appartement,Tunis,,147.0,3.0,3.0,1.0,unknown,0,1,0,0,0,0,570000.0
mubawab,appartement,Tunis,,72.0,1.0,1.0,1.0,unknown,0,1,0,0,0,0,288000.0
mubawab,appartement,Tunis,,113.0,3.0,3.0,1.0,unknown,1,1,0,1,1,0,413000.0
tayara,appartement,Tunis,L Aouina,57.0,1.0,1.0,,unknown,0,1,0,0,0,0,216000.0
tayara,appartement,Ariana,Ennasr,,3.0,3.0,2.0,floor_4,1,1,0,1,0,0,325000.0
tayara,appartement,Ariana,Ghazela,,3.0,3.0,3.0,unknown,0,0,0,0,0,0,508000.0
tayara,appartement,Tunis,L Aouina,,1.0,1.0,,unknown,0,1,0,0,0,0,245000.0
tayara,appartement,Nabeul,Hammamet,,1.0,1.0,1.0,unknown,1,1,1,0,0,0,245000.0
tayara,appartement,Nabeul,Soliman,76.0,3.0,2.0,,floor_1,0,0,0,0,0,1,175000.0
tayara,appartement,Tunis,L Aouina,,3.0,3.0,1.0,unknown,1,0,0,1,1,0,245000.0
tayara,appartement,Ariana,La Soukra,122.0,2.0,2.0,,unknown,0,1,0,0,0,0,435000.0
tayara,appartement,Tunis,L Aouina,,1.0,1.0,1.0,unknown,0,1,0,0,0,0,223000.0
tayara,appartement,Tunis,Ain Zaghouen,112.0,2.0,1.0,1.0,unknown,0,1,0,0,1,0,239000.0
tayara,appartement,Ariana,Ghazela,,2.0,2.0,2.0,unknown,0,1,0,0,0,0,350000.0
tayara,appartement,Nabeul,Hammamet,100.0,2.0,1.0,1.0,floor_1,0,0,0,0,0,0,2250000.0
tayara,appartement,Tunis,Jardins De Carthage,,2.0,2.0,0.0,unknown,0,1,0,1,1,0,700000.0
tayara,appartement,Tunis,L Aouina,93.0,2.0,1.0,1.0,unknown,0,1,0,0,0,0,380000.0
tayara,appartement,Tunis,L Aouina,129.0,2.0,2.0,,unknown,1,1,0,0,0,0,300000.0
tayara,appartement,Tunis,L Aouina,112.0,3.0,3.0,2.0,unknown,0,1,0,0,0,0,350000.0
tayara,appartement,Tunis,Tunis,,1.0,1.0,1.0,unknown,0,0,0,0,0,0,240000.0
tayara,appartement,Tunis,L Aouina,62.0,1.0,1.0,1.0,unknown,0,0,0,0,0,0,225000.0
tayara,appartement,Nabeul,Hammamet,,3.0,3.0,2.0,ground_floor,0,1,1,0,0,0,550000.0
tayara,appartement,Tunis,L Aouina,73.0,1.0,1.0,1.0,unknown,0,0,0,0,0,0,205000.0
tayara,appartement,Tunis,L Aouina,,2.0,1.0,1.0,unknown,0,1,0,0,0,0,380000.0
tayara,appartement,Ariana,Cite Ennkhilet,,2.0,2.0,0.0,ground_floor,0,0,0,0,1,0,225000.0
tayara,appartement,Tunis,L Aouina,62.0,1.0,1.0,1.0,unknown,1,0,0,0,0,0,165000.0
tayara,appartement,Tunis,L Aouina,71.76,1.0,1.0,,unknown,0,1,0,0,0,0,255600.0
tayara,appartement,Tunis,L Aouina,41.96,1.0,1.0,1.0,unknown,0,1,0,0,0,0,186333.0
tayara,appartement,Ariana,Chotrana,198.0,2.0,2.0,,unknown,0,1,0,0,0,0,475000.0
tayara,appartement,Ariana,Chotrana 1,109.0,2.0,2.0,,unknown,0,1,0,0,0,0,430000.0
tayara,appartement,Tunis,L Aouina,77.0,1.0,1.0,1.0,unknown,0,1,0,0,0,0,215000.0
tayara,appartement,Tunis,Tunis,,1.0,1.0,1.0,unknown,0,1,0,0,0,0,320000.0
tayara,appartement,Tunis,Jardins De Carthage,,2.0,2.0,2.0,unknown,0,1,0,0,0,0,830000.0
tayara,appartement,Ariana,La Soukra,122.0,2.0,2.0,2.0,unknown,0,1,0,0,0,0,435000.0
tayara,appartement,Tunis,L Aouina,,2.0,2.0,,unknown,1,0,0,0,0,0,225000.0
tayara,appartement,Tunis,L Aouina,41.96,1.0,1.0,1.0,unknown,0,1,0,0,0,0,230000.0
tayara,appartement,Tunis,L Aouina,103.0,1.0,1.0,,unknown,0,0,0,0,0,0,297000.0
tayara,appartement,Tunis,L Aouina,54.0,1.0,1.0,1.0,unknown,0,0,0,0,0,0,219000.0
tayara,appartement,Tunis,Tunis,73.0,1.0,1.0,,floor_1,1,1,0,1,1,0,253000.0
tayara,appartement,Monastir,Monastir,,2.0,1.0,1.0,floor_3,1,0,0,0,0,0,105000.0
tayara,appartement,Ariana,Chotrana,54.0,1.0,1.0,1.0,unknown,0,0,0,0,0,0,240000.0
tayara,appartement,Ariana,Chotrana,,1.0,1.0,1.0,unknown,0,1,0,0,0,0,258000.0
tayara,appartement,Ariana,Chotrana 2,130.0,3.0,3.0,,unknown,0,1,1,0,0,0,760000.0
tayara,appartement,Tunis,L Aouina,48.6,1.0,1.0,1.0,floor_1,0,0,0,1,1,0,205000.0
tayara,appartement,Sousse,Sousse Riadh,95.0,2.0,1.0,1.0,unknown,1,0,0,0,0,0,5175000.0
tayara,appartement,Tunis,L Aouina,,3.0,3.0,2.0,unknown,0,0,0,0,0,0,425000.0
tayara,appartement,Ariana,Cit Ennasr 2,156.0,4.0,3.0,3.0,unknown,0,0,0,0,0,0,630000.0
tayara,appartement,Tunis,La Marsa,175.0,3.0,3.0,,unknown,0,1,0,0,0,0,570000.0
tayara,appartement,Tunis,L Aouina,91.23,2.0,2.0,1.0,unknown,0,1,0,0,0,0,375000.0
tayara,appartement,Ariana,Cit Ennasr 2,141.0,3.0,2.0,2.0,floor_1,0,1,0,1,1,0,530000.0
tayara,appartement,Sousse,Khzema,84.0,2.0,1.0,1.0,unknown,1,0,0,0,0,0,325000.0
tayara,appartement,Sousse,Sahloul,157.0,3.0,2.0,2.0,unknown,0,1,0,0,0,0,450000.0
tayara,appartement,Tunis,L Aouina,134.0,2.0,2.0,1.0,ground_floor,0,1,0,0,0,0,290000.0
tayara,appartement,Tunis,L Aouina,77.38,2.0,2.0,1.0,unknown,0,0,0,0,0,0,340000.0
tayara,appartement,Sousse,Sahloul,65.0,1.0,1.0,1.0,unknown,1,1,0,0,0,0,295000.0
tayara,appartement,Tunis,Ain Zaghouen,72.0,1.0,1.0,1.0,floor_1,0,0,0,0,0,0,210000.0
tayara,appartement,Tunis,L Aouina,53.0,1.0,1.0,,unknown,0,0,0,0,0,0,245000.0
tayara,appartement,Tunis,L Aouina,48.3,1.0,1.0,1.0,unknown,0,1,0,0,0,0,217000.0
tayara,appartement,Tunis,L Aouina,,3.0,2.0,2.0,unknown,0,0,0,0,0,0,280000.0
tayara,appartement,Tunis,L Aouina,98.0,2.0,2.0,1.0,unknown,0,1,0,0,0,0,350000.0
tayara,appartement,Tunis,L Aouina,72.0,1.0,1.0,1.0,unknown,0,0,0,0,0,0,195000.0
tayara,appartement,Sousse,Hergla,,3.0,3.0,2.0,ground_floor,0,1,1,1,0,0,675000.0
tayara,appartement,Tunis,Ain Zaghouen,,2.0,2.0,1.0,unknown,1,1,0,0,1,0,330000.0
tayara,appartement,Ariana,Raoued,84.0,3.0,3.0,0.0,unknown,0,0,0,0,1,0,260000.0
tayara,appartement,Ariana,Cite Ennkhilet,70.0,1.0,1.0,1.0,unknown,1,0,0,1,1,0,168000.0
tayara,appartement,Ariana,Borj Louzir,70.0,2.0,1.0,1.0,unknown,1,1,0,0,0,0,170000.0
tayara,appartement,Kasserine,Kasserine,,3.0,2.0,2.0,unknown,0,0,0,0,0,0,59000.0
tayara,appartement,Ariana,Les Jardins El Menzah 2,,3.0,2.0,2.0,unknown,0,1,0,1,1,0,429000.0
tayara,appartement,Tunis,Tunis,,3.0,2.0,1.0,unknown,1,0,0,0,1,1,290000.0
tayara,appartement,Nabeul,Klibia,85.0,2.0,1.0,1.0,unknown,0,0,0,0,0,0,170000.0
tayara,appartement,Monastir,Sahline,,2.0,1.0,1.0,floor_3,0,0,0,1,0,0,200000.0
tayara,appartement,Sousse,Sousse,85.0,2.0,1.0,1.0,unknown,0,0,0,0,0,0,279000.0
tayara,appartement,Sousse,Sousse,100.0,2.0,1.0,1.0,unknown,1,1,0,0,0,0,249000.0
tayara,appartement,Sousse,Sahloul,125.0,2.0,1.0,1.0,unknown,1,1,0,1,1,0,359000.0
tayara,appartement,Sousse,Sousse,134.0,3.0,1.0,1.0,unknown,1,0,0,0,0,0,279000.0
tayara,appartement,Sousse,Hammam Sousse,120.0,2.0,1.0,1.0,unknown,0,0,0,1,1,0,319000.0
tayara,appartement,Sousse,Sousse,120.0,3.0,2.0,2.0,unknown,1,0,1,0,0,0,366000.0
tayara,appartement,Sousse,Sousse,120.0,3.0,2.0,2.0,unknown,1,0,1,0,0,0,367000.0
tayara,appartement,Sousse,Sousse,110.0,2.0,1.0,1.0,unknown,1,0,0,0,0,0,239000.0
tayara,appartement,Sousse,Sahloul,174.0,3.0,2.0,2.0,unknown,0,1,0,0,0,1,650000.0
tayara,appartement,Sousse,Khzema,65.0,1.0,1.0,1.0,floor_1,1,0,0,0,0,0,213000.0
tayara,appartement,Bizerte,Bizerte,90.0,2.0,1.0,1.0,unknown,0,0,0,0,0,0,200000.0
tayara,appartement,Mahdia,Mahdia,104.42,2.0,2.0,2.0,unknown,0,0,0,1,1,0,365000.0
tayara,appartement,Mahdia,Mahdia,121.0,2.0,2.0,2.0,unknown,1,0,0,0,0,0,415000.0
tayara,appartement,Sousse,Kantaoui,,2.0,1.0,1.0,unknown,0,1,0,0,0,0,630000.0
tayara,appartement,Mahdia,Mahdia,103.0,2.0,1.0,1.0,unknown,1,0,0,0,0,0,360000.0
tayara,appartement,Tunis,Tunis,84.0,3.0,1.0,1.0,unknown,0,0,0,0,0,0,197000.0
tayara,appartement,Tunis,Centre Urbain Nord,132.0,2.0,2.0,2.0,unknown,0,1,0,1,0,0,430000.0
tayara,appartement,Tunis,Gammarth,133.0,3.0,3.0,3.0,unknown,0,0,0,1,1,0,520000.0
tayara,appartement,Tunis,Tunis,101.0,3.0,1.0,1.0,floor_1,0,1,0,1,1,0,195000.0
tayara,appartement,Tunis,Tunis,142.0,2.0,1.0,1.0,floor_5,1,0,0,1,1,0,238000.0
tayara,appartement,Tunis,Tunis,,2.0,1.0,1.0,floor_1,0,1,0,1,1,0,245000.0
tayara,appartement,Tunis,Ain Zaghouen,,2.0,2.0,1.0,unknown,0,0,0,0,0,0,180000.0
tayara,appartement,Ariana,La Soukra,,2.0,1.0,1.0,unknown,0,1,0,0,0,0,320000.0
tayara,appartement,Tunis,L Aouina,,2.0,2.0,1.0,unknown,0,0,0,0,0,0,280000.0
tayara,appartement,Tunis,L Aouina,,2.0,2.0,1.0,unknown,0,0,0,0,0,0,280000.0
tayara,appartement,Tunis,Le Bardo,80.0,2.0,2.0,1.0,floor_3,1,1,0,0,1,0,215000.0
tayara,appartement,Tunis,L Aouina,,2.0,1.0,1.0,unknown,0,1,0,0,0,0,320000.0
tayara,appartement,Tunis,Tunis,,3.0,1.0,1.0,ground_floor,0,0,0,0,1,0,260000.0
tayara,appartement,Nabeul,Hammamet Nord,,2.0,1.0,1.0,ground_floor,0,0,0,0,0,0,350000.0
tayara,appartement,Ariana,La Soukra,145.0,2.0,2.0,2.0,unknown,0,1,0,0,1,0,418000.0
tayara,appartement,Ariana,Chotrana 1,107.0,2.0,2.0,2.0,unknown,0,1,0,1,1,0,1430000.0
tayara,appartement,Tunis,L Aouina,,2.0,2.0,1.0,unknown,0,0,0,0,0,0,250000.0
tayara,appartement,Tunis,Tunis,60.0,1.0,1.0,1.0,unknown,0,0,0,0,0,0,1150000.0
tayara,appartement,Ariana,Ariana Essoughra,106.0,3.0,3.0,1.0,floor_2,0,0,0,0,1,0,285000.0
tayara,appartement,Nabeul,Mrezga,,1.0,1.0,1.0,unknown,0,0,1,0,0,1,260000.0
tayara,appartement,Sousse,Chatt Mariem,85.0,3.0,2.0,2.0,ground_floor,0,0,0,0,0,0,325000.0
tayara,appartement,Tunis,Tunis,109.0,2.0,1.0,1.0,unknown,0,0,0,0,1,0,195000.0
tayara,appartement,Sousse,Kantaoui,67.0,1.0,1.0,1.0,unknown,1,0,1,0,0,0,298000.0
tayara,appartement,Sousse,Khzema,150.0,3.0,2.0,2.0,unknown,1,1,0,1,1,0,420000.0
tayara,appartement,Tunis,Tunis,56.63,1.0,1.0,,unknown,0,1,0,0,0,0,245000.0
tayara,appartement,Tunis,Le Bardo,,2.0,2.0,,unknown,0,1,0,0,0,0,170000.0
tayara,appartement,Tunis,Tunis,105.0,2.0,1.0,1.0,unknown,1,1,0,1,1,0,255000.0
tayara,appartement,Sousse,Kantaoui,42.0,2.0,1.0,1.0,unknown,0,0,0,0,0,0,290000.0
tayara,appartement,Tunis,Tunis,132.0,3.0,1.0,1.0,ground_floor,1,1,0,0,1,0,260000.0
tayara,appartement,Tunis,L Aouina,,1.0,1.0,1.0,unknown,0,1,0,0,0,0,245000.0
tayara,appartement,Tunis,L Aouina,115.0,2.0,2.0,1.0,unknown,0,1,0,0,0,0,420000.0
tayara,appartement,Tunis,Centre Urbain Nord,115.0,2.0,2.0,1.0,unknown,0,1,0,1,1,0,330000.0
tayara,appartement,Mahdia,Mahdia,105.7,2.0,2.0,7.0,unknown,0,1,0,0,0,0,422800.0
tayara,appartement,Tunis,Centre Ville Lafayette,145.0,4.0,1.0,1.0,ground_floor,0,0,0,0,0,0,250000.0
tayara,appartement,Ariana,La Soukra,140.0,3.0,3.0,3.0,ground_floor,0,1,0,0,1,0,588000.0
tayara,appartement,Ariana,Cit Ennasr 2,57.0,1.0,1.0,1.0,ground_floor,0,0,0,0,1,0,2200000.0
tayara,appartement,Tunis,Tunis,53.0,1.0,1.0,1.0,floor_7,0,0,0,1,1,0,198000.0
tayara,appartement,Mahdia,Mahdia,71.0,1.0,1.0,5.0,unknown,1,1,0,0,0,0,245000.0
tayara,appartement,Ben Arous,Medina Jedida,100.0,2.0,2.0,2.0,unknown,0,0,0,0,0,0,3220000.0
tayara,appartement,Nabeul,Klibia,73.0,1.0,1.0,1.0,unknown,0,0,0,0,0,0,215000.0
tayara,appartement,Mahdia,Mahdia,123.66,2.0,2.0,2.0,unknown,1,1,0,1,0,1,380000.0
tayara,appartement,Nabeul,Hammam Ghezze,,,,,unknown,0,0,0,0,0,0,750000.0
tayara,appartement,Ben Arous,El Mourouj,85.0,2.0,1.0,1.0,floor_1,1,1,0,0,0,0,155000.0
tayara,appartement,Sousse,Hergla,,2.0,,3.0,ground_floor,0,1,1,0,0,1,640000.0
tayara,appartement,Sousse,Khzema,162.0,3.0,3.0,2.0,unknown,1,1,0,1,1,0,495000.0
tayara,appartement,Tunis,Tunis,,2.0,1.0,1.0,unknown,0,1,0,0,1,0,270000.0
tayara,appartement,Tunis,L Aouina,60.0,1.0,1.0,,ground_floor,0,0,0,0,0,0,248000.0
tayara,appartement,Tunis,Borj Louzir,,1.0,1.0,1.0,unknown,0,0,0,0,0,0,130000.0
tayara,appartement,Ariana,Ennasr,212.0,3.0,2.0,2.0,unknown,0,1,0,0,0,0,600000.0
tayara,appartement,Tunis,L Aouina,,2.0,2.0,,unknown,0,0,0,0,0,0,235000.0
tayara,appartement,Nabeul,Klibia,78.0,1.0,1.0,1.0,unknown,0,0,0,0,0,0,250000.0
tayara,appartement,Sousse,Akouda,200.0,3.0,3.0,0.0,floor_3,0,0,0,1,0,0,400000.0
tayara,appartement,Tunis,Tunis,,2.0,1.0,1.0,unknown,1,0,0,0,0,0,2190000.0
tayara,appartement,Tunis,Ain Zaghouen,,2.0,1.0,1.0,unknown,1,0,0,1,0,0,280000.0
tayara,appartement,Tunis,Ain Zaghouen,,1.0,1.0,1.0,unknown,0,1,0,0,0,0,205000.0
tayara,appartement,Tunis,Tunis,,2.0,2.0,2.0,unknown,0,1,0,0,0,0,350000.0
tayara,appartement,Tunis,Ain Zaghouen,,1.0,1.0,1.0,unknown,0,0,0,0,0,0,210000.0
tayara,appartement,Sousse,Hergla,,2.0,1.0,1.0,unknown,0,1,0,0,0,0,378000.0
tayara,appartement,Sousse,Akouda,,2.0,1.0,1.0,floor_2,0,1,0,0,0,0,157000.0
tayara,appartement,Nabeul,Hammamet,,3.0,2.0,2.0,unknown,0,1,0,0,0,0,220000.0
tayara,appartement,Sousse,Hergla,,2.0,1.0,1.0,unknown,0,0,0,0,0,0,180000.0
tayara,appartement,Sousse,Hergla,,1.0,1.0,1.0,ground_floor,0,1,1,0,0,0,274998.0
tayara,appartement,Sousse,Hammam Sousse,140.0,3.0,2.0,2.0,ground_floor,0,0,0,0,0,0,630000.0
tayara,appartement,Tunis,L Aouina,135.0,3.0,1.0,1.0,unknown,0,1,0,0,0,0,310000.0
tayara,appartement,Sousse,Sousse,80.0,2.0,1.0,1.0,unknown,0,0,0,0,0,0,85000.0
tayara,appartement,Sousse,Kantaoui,105.0,2.0,2.0,2.0,unknown,1,0,1,0,0,0,415000.0
tayara,appartement,Sousse,Chatt Mariem,85.0,2.0,1.0,1.0,unknown,0,0,1,0,0,0,330000.0
tayara,appartement,Ariana,Ennasr,,2.0,1.0,1.0,unknown,0,0,0,0,0,0,158000.0
tayara,appartement,Mahdia,Mahdia,,2.0,1.0,1.0,unknown,1,0,0,0,0,0,270000.0
tayara,appartement,Sousse,Khzema,106.94,2.0,1.0,1.0,unknown,1,1,0,0,0,0,420000.0
tayara,appartement,Sousse,Sousse Riadh,42.0,1.0,1.0,1.0,unknown,1,0,0,0,0,0,140000.0
tayara,appartement,Sousse,Sahloul,150.0,3.0,3.0,3.0,unknown,1,1,0,0,0,0,4450000.0
tayara,appartement,Sousse,Sousse Riadh,88.0,1.0,1.0,1.0,unknown,1,0,0,0,0,0,115000.0
tayara,appartement,Monastir,Monastir,111.0,2.0,1.0,1.0,ground_floor,0,1,1,0,1,1,515000.0
tayara,appartement,Monastir,Monastir,120.0,2.0,1.0,1.0,unknown,0,0,0,0,1,1,290000.0
tayara,appartement,Tunis,Tunis,86.0,2.0,1.0,1.0,unknown,0,0,0,0,0,0,145000.0
tayara,appartement,Tunis,Jardins De Carthage,150.0,2.0,,3.0,unknown,0,1,0,0,0,0,620000.0
tayara,appartement,Tunis,Tunis,,2.0,1.0,1.0,unknown,1,0,0,0,1,1,6165000.0
tayara,appartement,Tunis,Tunis,100.0,2.0,1.0,1.0,unknown,1,0,0,1,1,1,320000.0
tayara,appartement,Tunis,Tunis,76.0,2.0,1.0,1.0,unknown,0,0,0,0,0,1,190000.0
tayara,appartement,Tunis,Tunis,,1.0,1.0,1.0,unknown,0,0,0,1,0,1,170000.0
tayara,appartement,Ariana,La Soukra,,1.0,1.0,1.0,unknown,1,1,0,0,0,0,225000.0
tayara,appartement,Ariana,La Soukra,,1.0,1.0,1.0,unknown,0,0,0,1,0,0,3225000.0
tayara,appartement,Sousse,Sahloul,150.0,3.0,2.0,2.0,unknown,1,0,0,0,1,0,365000.0
tayara,appartement,Sousse,Sousse,130.0,2.0,1.0,1.0,unknown,1,0,1,0,0,0,343000.0
tayara,appartement,Ariana,La Soukra,,1.0,1.0,1.0,ground_floor,0,0,0,1,0,0,198000.0
tayara,appartement,Sousse,Kantaoui,133.0,3.0,1.0,1.0,unknown,1,0,1,0,0,0,538000.0
tayara,appartement,Sousse,Hammam Sousse,141.0,2.0,2.0,2.0,floor_4,0,0,0,0,1,0,370000.0
tayara,appartement,Ariana,Ennasr,,2.0,1.0,1.0,unknown,1,1,0,0,0,0,219000.0
tayara,appartement,Ben Arous,Borj Cedria,110.0,3.0,3.0,,unknown,0,1,0,0,0,0,170000.0
tayara,appartement,Tunis,L Aouina,,4.0,3.0,3.0,ground_floor,0,1,0,0,0,0,780000.0
tayara,appartement,Tunis,El Menzah 9,180.0,4.0,3.0,3.0,ground_floor,0,0,0,0,0,0,760000.0
tayara,appartement,Tunis,Cit El Khadra,,2.0,2.0,2.0,unknown,1,0,0,0,0,0,165000.0
tayara,appartement,Sousse,Sahloul,60.0,1.0,1.0,1.0,unknown,1,1,0,0,1,0,170000.0
tayara,appartement,Sousse,Sousse,92.0,2.0,1.0,1.0,unknown,0,0,0,0,0,0,174000.0
tayara,appartement,Ariana,Cit Ennasr 2,69.0,1.0,1.0,1.0,floor_2,0,0,0,1,1,0,2276000.0
tayara,appartement,Tunis,El Menzah 9,118.0,2.0,2.0,2.0,ground_floor,0,1,0,1,1,0,480000.0
tayara,appartement,Ariana,Ennasr,,2.0,1.0,1.0,unknown,0,1,0,0,0,1,320000.0
tayara,appartement,Tunis,El Menzah 9,500.0,4.0,3.0,4.0,ground_floor,0,1,0,0,1,0,1050000.0
tayara,appartement,Ariana,Cit Ennasr 2,124.0,3.0,2.0,2.0,floor_3,1,1,0,0,0,0,385000.0
tayara,appartement,Tunis,Tunis,65.0,1.0,1.0,1.0,unknown,0,0,0,0,0,0,120000.0
tayara,appartement,Ariana,El Menzah 6,100.0,2.0,2.0,2.0,unknown,1,0,0,0,1,0,6248000.0
tayara,appartement,Tunis,Tunis,79.0,1.0,1.0,1.0,unknown,0,0,1,0,0,1,445000.0
tayara,appartement,Ben Arous,Borj Cedria,125.0,3.0,2.0,,unknown,0,0,0,0,0,0,165000.0
tayara,appartement,Manouba,La Manouba,,3.0,2.0,2.0,unknown,0,0,0,0,0,0,100000.0
tayara,appartement,Sousse,Chatt Mariem,,5.0,4.0,3.0,unknown,0,1,0,0,0,0,560000.0
tayara,appartement,Mahdia,Mahdia,54.2,1.0,,2.0,unknown,0,1,0,1,1,0,205000.0
tayara,appartement,Sousse,Sousse,110.0,2.0,1.0,1.0,unknown,1,0,0,0,0,0,299000.0
tayara,appartement,Sousse,Sahloul,60.0,1.0,1.0,1.0,unknown,1,1,0,0,0,0,260000.0
tayara,appartement,Sousse,Sahloul,103.0,2.0,1.0,1.0,unknown,1,1,0,0,0,0,330000.0
tayara,appartement,Sousse,Sahloul,138.96,3.0,2.0,2.0,ground_floor,1,1,0,0,0,0,4370000.0
tayara,appartement,Ariana,Ennasr,,3.0,2.0,2.0,unknown,0,0,0,0,0,0,465000.0
tayara,appartement,Ariana,La Soukra,125.0,2.0,2.0,2.0,unknown,1,1,0,1,1,0,405000.0
tayara,appartement,Tunis,Cit Olympique,75.0,2.0,1.0,1.0,floor_3,1,0,0,0,1,0,200000.0
tayara,appartement,Tunis,Tunis,60.0,1.0,1.0,1.0,unknown,0,1,0,0,1,0,200000.0
tayara,appartement,Tunis,L Aouina,90.0,2.0,2.0,1.0,unknown,0,0,0,0,0,0,230000.0
tayara,appartement,Tunis,Gammarth,133.0,3.0,2.0,2.0,unknown,0,0,0,1,1,0,520000.0
tayara,appartement,Sousse,Sousse,150.0,2.0,1.0,1.0,unknown,1,1,0,1,1,0,369000.0
tayara,appartement,Nabeul,Klibia,130.0,3.0,2.0,2.0,floor_4,0,0,0,0,0,0,200000.0
tayara,appartement,Nabeul,Klibia,95.0,1.0,1.0,1.0,floor_1,0,0,0,0,0,0,140000.0
tayara,appartement,Tunis,Tunis,299.0,4.0,,5.0,ground_floor,0,1,1,1,1,0,975000.0
tayara,appartement,Sousse,Sahloul,144.0,3.0,3.0,3.0,unknown,1,0,0,0,1,0,349000.0
tayara,appartement,Sousse,Sahloul,135.0,2.0,1.0,1.0,unknown,1,1,0,0,0,0,339000.0
tayara,appartement,Tunis,Ain Zaghouen,,2.0,1.0,1.0,unknown,0,0,0,0,1,0,180000.0
tayara,appartement,Ben Arous,Ezzahra,,2.0,1.0,1.0,unknown,0,0,0,0,0,0,120000.0
tayara,appartement,Tunis,L Aouina,67.0,1.0,1.0,1.0,unknown,0,1,0,0,0,0,255000.0
tayara,appartement,Sousse,Khzema,125.0,3.0,3.0,3.0,unknown,1,1,0,0,0,0,440000.0
tayara,appartement,Tunis,L Aouina,74.0,2.0,1.0,1.0,ground_floor,0,1,0,1,1,0,340000.0
tayara,appartement,Tunis,L Aouina,,2.0,1.0,1.0,unknown,0,0,0,0,0,0,229000.0
tayara,appartement,Tunis,Bab Souika,45.0,1.0,1.0,1.0,unknown,0,0,0,0,0,0,58000.0
tayara,appartement,Tunis,L Aouina,73.0,1.0,1.0,1.0,floor_1,1,1,0,1,1,0,250000.0
tayara,appartement,Tunis,Tunis,,2.0,1.0,1.0,unknown,0,1,0,0,1,0,2215000.0
tayara,appartement,Tunis,Le Bardo,,2.0,1.0,1.0,unknown,1,1,0,0,1,0,270000.0
tayara,appartement,Tunis,L Aouina,73.0,1.0,1.0,1.0,floor_1,1,1,0,1,1,0,250000.0
tayara,appartement,Manouba,Denden,100.0,3.0,3.0,1.0,ground_floor,0,0,0,0,0,0,174000.0
tayara,appartement,Tunis,La Marsa,164.0,3.0,2.0,2.0,unknown,0,1,0,0,0,0,580000.0
tayara,appartement,Ben Arous,Hammam Lif,,3.0,2.0,2.0,unknown,0,0,0,0,0,0,220000.0
tayara,appartement,Tunis,Carthage,183.0,3.0,2.0,,unknown,0,1,0,0,0,0,740000.0
tayara,appartement,Tunis,Le Bardo,,2.0,2.0,2.0,unknown,1,1,0,0,1,0,195000.0
tayara,appartement,Tunis,Le Bardo,,3.0,1.0,1.0,unknown,1,0,0,0,1,0,2210000.0
tayara,appartement,Sousse,Hammam Sousse,120.0,2.0,2.0,0.0,unknown,0,1,0,1,1,0,660000.0
tayara,appartement,Tunis,L Aouina,145.0,3.0,2.0,2.0,ground_floor,0,1,0,0,1,0,550000.0
tayara,appartement,Mahdia,Mahdia,91.94,2.0,1.0,1.0,unknown,0,1,0,0,0,0,349000.0
tayara,appartement,Nabeul,Mrezga,,2.0,1.0,1.0,floor_6,0,0,1,0,0,0,282000.0
tayara,appartement,Tunis,Ezzouhour,,2.0,1.0,1.0,floor_3,0,0,0,0,0,0,120000.0
tayara,appartement,Nabeul,Klibia,105.0,2.0,1.0,1.0,floor_3,0,0,0,0,0,0,180000.0
tayara,appartement,Tunis,Tunis,148.0,3.0,3.0,0.0,unknown,1,0,0,0,0,0,350000.0
tayara,appartement,Nabeul,Mrezga,57.0,1.0,1.0,0.0,unknown,1,1,1,1,0,0,285000.0
tayara,appartement,Ariana,La Soukra,157.0,3.0,3.0,1.0,unknown,0,1,0,0,0,0,340000.0
tayara,appartement,Ariana,La Soukra,76.0,1.0,1.0,1.0,unknown,0,1,0,1,1,0,289000.0
tayara,appartement,Tunis,El Omrane Suprieur,106.0,3.0,3.0,1.0,ground_floor,0,0,0,0,1,0,185000.0
tayara,appartement,Mahdia,Mahdia,104.5,2.0,1.0,5.0,unknown,1,0,0,0,0,0,190000.0
tayara,appartement,Tunis,L Aouina,85.0,2.0,2.0,2.0,unknown,0,1,0,0,0,0,435000.0
tayara,appartement,Tunis,L Aouina,124.0,2.0,2.0,2.0,unknown,0,1,0,0,1,0,345000.0
tayara,appartement,Tunis,L Aouina,,1.0,1.0,1.0,unknown,0,1,0,0,0,0,250000.0
tayara,appartement,Tunis,L Aouina,118.0,3.0,2.0,2.0,floor_6,1,0,0,0,0,0,300000.0
tayara,appartement,Tunis,L Aouina,53.0,1.0,1.0,,unknown,0,0,0,0,0,0,245000.0
tayara,appartement,Ariana,La Soukra,183.0,3.0,3.0,3.0,unknown,1,1,0,1,1,0,860000.0
tayara,appartement,Tunis,L Aouina,108.0,2.0,2.0,2.0,unknown,0,1,0,0,0,0,305000.0
tayara,appartement,Tunis,La Marsa,43.0,1.0,0.0,0.0,unknown,0,0,0,0,0,0,400000.0
tayara,appartement,Tunis,L Aouina,48.3,1.0,1.0,1.0,unknown,0,1,0,0,0,0,3218000.0
tayara,appartement,Tunis,Sidi Bou Said,,4.0,4.0,0.0,ground_floor,0,1,0,0,0,0,690000.0
tayara,maison_villa,Tunis,L Aouina,350.0,,,,unknown,0,0,0,0,0,0,1450000.0
tayara,maison_villa,Nabeul,Bni Khiar,303.0,3.0,2.0,1.0,unknown,0,1,0,0,0,0,460000.0
tayara,maison_villa,Ariana,Raoued,375.0,2.0,,4.0,ground_floor,0,1,0,0,0,0,660000.0
tayara,maison_villa,Tunis,Tunis,,4.0,3.0,2.0,ground_floor,0,0,0,0,0,0,155000.0
tayara,maison_villa,Ariana,La Soukra,520.0,5.0,4.0,0.0,ground_floor,0,1,1,0,0,0,1650000.0
tayara,maison_villa,Ben Arous,Fouchana,110.0,4.0,3.0,2.0,ground_floor,0,0,0,0,0,0,250000.0
tayara,maison_villa,Nabeul,Hammamet,400.0,2.0,2.0,2.0,unknown,0,0,0,0,0,0,390000.0
tayara,maison_villa,Sousse,Sahloul,450.0,4.0,3.0,3.0,ground_floor,0,1,0,0,0,0,1350000.0
tayara,maison_villa,Sousse,Akouda,400.0,4.0,3.0,3.0,unknown,0,1,0,0,0,0,830000.0
tayara,maison_villa,Tunis,Tunis,396.0,6.0,3.0,2.0,ground_floor,0,1,0,0,0,0,610000.0
tayara,maison_villa,Nabeul,Hammamet,,2.0,1.0,1.0,unknown,0,0,0,0,0,0,1205000.0
tayara,maison_villa,Ariana,Ariana Essoughra,,2.0,,3.0,unknown,0,1,0,0,0,0,320000.0
tayara,maison_villa,Tunis,Tunis,560.0,7.0,5.0,0.0,unknown,0,1,1,0,0,0,2400000.0
tayara,maison_villa,Sousse,Sousse Mdina,,3.0,3.0,0.0,unknown,0,0,0,0,0,0,225000.0
tayara,maison_villa,Ben Arous,Hammam Chott,340.0,3.0,,7.0,ground_floor,0,0,1,0,0,0,1000000.0
tayara,maison_villa,Tunis,El Menzah 9,190.0,4.0,3.0,5.0,ground_floor,0,1,0,0,0,0,1150000.0
tayara,maison_villa,Ariana,Raoued,,3.0,3.0,1.0,unknown,0,0,0,1,0,0,360000.0
tayara,maison_villa,Sousse,Kala Kebira,380.0,5.0,3.0,3.0,unknown,0,1,0,0,0,0,540000.0
tayara,maison_villa,Nabeul,Klibia,371.0,5.0,4.0,4.0,floor_1,0,1,0,0,0,0,780000.0
tayara,maison_villa,Nabeul,Hammamet,,2.0,1.0,1.0,unknown,0,0,0,0,0,0,1270000.0
tayara,maison_villa,Ariana,Cit Ennasr 2,,5.0,4.0,4.0,unknown,0,1,0,0,0,0,2000000.0
tayara,maison_villa,Nabeul,Yasmine Hammamet,270.0,5.0,4.0,3.0,unknown,0,0,0,0,0,0,980000.0
tayara,maison_villa,Nabeul,Hammamet,,2.0,1.0,1.0,unknown,0,0,0,0,0,0,1240000.0
tayara,maison_villa,Bizerte,Bizerte Sud,,4.0,3.0,1.0,unknown,0,1,0,0,0,0,300000.0
tayara,maison_villa,Ben Arous,Ezzahra,300.0,3.0,2.0,2.0,ground_floor,0,0,0,0,0,0,850000.0
tayara,maison_villa,Nabeul,Hammamet,220.0,5.0,4.0,4.0,unknown,0,1,1,0,0,0,880000.0
tayara,maison_villa,Nabeul,Hammamet,,2.0,1.0,1.0,unknown,0,0,0,0,0,0,1205000.0
tayara,maison_villa,Bizerte,Bizerte Nord,100.0,3.0,2.0,1.0,unknown,0,0,0,0,0,0,155000.0
tayara,maison_villa,Bizerte,Tinja,403.0,4.0,2.0,2.0,unknown,0,1,0,0,0,0,350000.0
tayara,maison_villa,Mahdia,Mahdia,493.0,5.0,4.0,4.0,ground_floor,0,1,0,0,0,0,880000.0
tayara,maison_villa,Ariana,Cit Ennasr 2,611.0,5.0,3.0,3.0,ground_floor,0,1,0,0,0,0,1600000.0
tayara,maison_villa,Tunis,Tunis,375.0,1.0,,2.0,ground_floor,0,0,0,0,0,0,430000.0
tayara,maison_villa,Sousse,Sousse Mdina,218.0,5.0,4.0,2.0,unknown,0,0,0,0,0,0,203000.0
tayara,maison_villa,Tunis,Tunis,751.0,4.0,3.0,3.0,ground_floor,0,0,1,0,0,0,1500000.0
tayara,maison_villa,Nabeul,Klibia,423.0,2.0,1.0,1.0,unknown,0,0,0,0,0,0,420000.0
tayara,maison_villa,Nabeul,Klibia,700.0,3.0,,5.0,floor_1,0,1,0,0,0,0,1750000.0
tayara,maison_villa,Tunis,Tunis,,3.0,3.0,3.0,unknown,0,0,1,1,1,0,1699994.0
tayara,maison_villa,Nabeul,Hammamet,500.0,5.0,4.0,4.0,unknown,0,1,1,1,1,0,770000.0
tayara,maison_villa,Sfax,Route El Ain,,2.0,1.0,1.0,unknown,0,0,0,0,0,0,65000.0
tayara,maison_villa,Nabeul,Klibia,269.0,2.0,1.0,1.0,unknown,0,0,1,0,0,0,400000.0
tayara,maison_villa,Tunis,Tunis,350.0,3.0,1.0,1.0,ground_floor,0,1,0,0,0,0,890000.0
tayara,maison_villa,Ben Arous,Medina Jedida,140.0,3.0,2.0,2.0,unknown,0,0,0,0,0,0,245000.0
tayara,maison_villa,Sousse,Kala Sghira,470.0,3.0,,4.0,ground_floor,0,0,0,0,0,0,820000.0
tayara,maison_villa,Nabeul,Hammamet,,3.0,2.0,1.0,unknown,0,0,0,0,0,0,1230000.0
tayara,maison_villa,Sousse,Kala Kebira,,2.0,1.0,1.0,unknown,0,0,0,0,0,0,430000.0
tayara,maison_villa,Sousse,Sousse Mdina,188.0,8.0,7.0,7.0,unknown,0,0,0,0,0,0,295000.0
tayara,maison_villa,Tunis,Le Kram,100.0,2.0,,3.0,ground_floor,0,0,0,0,0,0,310000.0
tayara,maison_villa,Ariana,La Soukra,554.0,3.0,3.0,,unknown,0,1,0,0,1,0,825000.0
tayara,maison_villa,Ben Arous,Hammam Chott,,2.0,1.0,1.0,unknown,0,0,0,0,0,0,165000.0
tayara,maison_villa,Tunis,Tunis,1000.0,3.0,3.0,2.0,unknown,0,1,0,0,0,0,470000.0
tayara,maison_villa,Tunis,La Marsa,299.0,4.0,3.0,3.0,ground_floor,0,0,1,1,0,0,1380000.0
tayara,maison_villa,Nabeul,Hammamet,316.0,4.0,4.0,3.0,unknown,0,0,0,0,0,0,780000.0
tayara,maison_villa,Sousse,Akouda,654.0,1.0,0.0,0.0,unknown,0,0,0,0,0,0,520000.0
tayara,maison_villa,Tunis,Ain Zaghouan Nord,140.0,2.0,2.0,2.0,unknown,0,1,0,0,1,0,650000.0
tayara,maison_villa,Nabeul,Hammamet,480.0,5.0,4.0,4.0,unknown,0,0,0,0,0,0,695000.0
tayara,maison_villa,Ariana,La Soukra,200.0,3.0,3.0,3.0,ground_floor,0,1,0,1,1,0,890000.0
tayara,maison_villa,Ariana,La Soukra,720.0,3.0,3.0,3.0,unknown,0,0,0,0,1,0,1100000.0
tayara,maison_villa,Manouba,Mornaguia,,2.0,1.0,1.0,unknown,0,0,0,0,0,0,82000.0
tayara,maison_villa,Nabeul,Hammam Ghezze,280.0,3.0,2.0,2.0,floor_1,0,0,0,0,0,0,580000.0
tayara,maison_villa,Nabeul,Klibia,265.0,5.0,3.0,3.0,unknown,0,0,1,0,0,0,1050000.0
tayara,maison_villa,Tunis,La Marsa,100.0,2.0,1.0,1.0,unknown,0,0,0,0,0,0,110000.0
tayara,maison_villa,Sfax,Route De Laroport,115.0,4.0,3.0,2.0,ground_floor,0,1,0,0,0,0,480000.0
tayara,maison_villa,Nabeul,Klibia,220.0,3.0,2.0,2.0,ground_floor,0,0,0,0,0,0,550000.0
tayara,maison_villa,Le Kef,Kef Ouest,307.0,4.0,3.0,2.0,unknown,0,0,0,0,0,0,320000.0
tayara,maison_villa,Ben Arous,Boumhel,160.0,3.0,2.0,2.0,unknown,0,0,0,0,0,0,160000.0
tayara,maison_villa,Ariana,Cit Ennasr 2,500.0,4.0,3.0,3.0,unknown,0,0,0,0,0,0,3000000.0
tayara,maison_villa,Nabeul,Menzel Temime,290.0,2.0,1.0,1.0,unknown,0,0,0,0,0,0,550000.0
tayara,maison_villa,Sousse,Akouda,152.0,2.0,1.0,1.0,unknown,0,0,0,0,0,0,125000.0
tayara,maison_villa,Tunis,Tunis,152.0,4.0,1.0,1.0,unknown,0,0,0,0,0,0,255000.0
tayara,maison_villa,Nabeul,Hammamet,614.0,4.0,3.0,3.0,unknown,0,1,1,1,1,0,750000.0
tayara,maison_villa,Sousse,Hammam Sousse,230.0,2.0,1.0,1.0,unknown,0,0,0,0,1,0,435000.0
tayara,maison_villa,Jendouba,Ain Draham,,,,,unknown,0,0,0,0,0,0,120000.0
tayara,maison_villa,Tunis,Tunis,,3.0,2.0,1.0,ground_floor,0,0,0,0,0,0,250000.0
tayara,maison_villa,Sfax,Menzel Chaker,125.0,4.0,3.0,2.0,ground_floor,0,1,0,0,0,0,230000.0
tayara,maison_villa,Bizerte,Menzel Bourguiba,,3.0,,4.0,unknown,0,0,0,0,0,0,990000.0
tayara,maison_villa,Tunis,Tunis,203.0,3.0,2.0,2.0,unknown,0,0,0,0,0,0,390000.0
tayara,maison_villa,Sousse,Chatt Mariem,660.0,1.0,,7.0,unknown,0,0,0,0,0,0,1600000.0
tayara,maison_villa,Tunis,Gammarth,,5.0,4.0,4.0,unknown,0,0,0,0,0,0,1500000.0
tayara,maison_villa,Ariana,Raoued,,3.0,2.0,,unknown,0,1,0,0,0,0,240000.0
tayara,maison_villa,Tunis,Tunis,,5.0,1.0,1.0,unknown,0,0,0,0,0,0,390000.0
tayara,maison_villa,Tunis,Gammarth,285.0,3.0,2.0,2.0,unknown,0,0,1,0,0,0,1500000.0
tayara,maison_villa,Sousse,Sousse,499.0,3.0,2.0,2.0,ground_floor,0,0,0,0,0,0,490000.0
tayara,maison_villa,Sousse,Sousse,220.0,2.0,2.0,2.0,unknown,0,0,0,0,0,0,369000.0
tayara,maison_villa,Sousse,Kala Sghira,120.0,4.0,2.0,2.0,ground_floor,0,0,0,0,0,0,380000.0
tayara,maison_villa,Sousse,Khzema,560.0,1.0,,7.0,ground_floor,0,1,0,0,0,0,1450000.0
tayara,maison_villa,Sousse,Hergla,400.0,4.0,3.0,1.0,unknown,0,0,0,0,0,0,260000.0
tayara,maison_villa,Sousse,Sousse,690.0,3.0,3.0,6.0,ground_floor,0,1,0,0,0,0,630000.0
tayara,maison_villa,Nabeul,Hammamet,,2.0,1.0,1.0,ground_floor,0,0,0,0,0,0,1350000.0
tayara,maison_villa,Nabeul,Hammamet,,3.0,2.0,1.0,unknown,0,0,0,0,0,0,1140000.0
tayara,maison_villa,Nabeul,Hammamet,,4.0,4.0,2.0,unknown,0,0,0,0,0,0,1230000.0
tayara,maison_villa,Tunis,Djebel Jelloud,,2.0,1.0,1.0,ground_floor,0,0,0,0,0,0,1200000.0
tayara,maison_villa,Nabeul,Hammamet,,2.0,1.0,1.0,unknown,0,0,0,0,0,0,205000.0
tayara,maison_villa,Nabeul,Hammamet,,4.0,4.0,3.0,unknown,0,0,0,0,0,0,1230000.0
tayara,maison_villa,Nabeul,Hammamet,,3.0,2.0,1.0,unknown,0,0,0,0,0,0,1270000.0
tayara,maison_villa,Sfax,Route Mharza,,2.0,1.0,1.0,unknown,0,0,0,0,0,0,500000.0
tayara,maison_villa,Sousse,Sousse Mdina,250.0,4.0,3.0,3.0,unknown,0,0,0,0,0,0,259000.0
tayara,maison_villa,Ariana,Mnihla,,4.0,1.0,1.0,unknown,0,0,0,0,0,0,460000.0
tayara,maison_villa,Ariana,Ettadhamen,,2.0,2.0,,unknown,0,0,0,0,0,0,800000.0
tayara,maison_villa,Tunis,Tunis,,3.0,2.0,2.0,unknown,0,0,1,0,0,0,780000.0
tayara,maison_villa,Nabeul,Hammamet,500.0,5.0,4.0,4.0,unknown,0,0,1,0,0,0,880000.0
tayara,maison_villa,Tunis,Tunis,850.0,4.0,3.0,3.0,unknown,0,0,0,1,1,0,1300000.0
tayara,maison_villa,Nabeul,Hammamet,700.0,5.0,4.0,4.0,unknown,0,1,1,1,1,0,1050000.0
tayara,maison_villa,Ariana,Ettadhamen,,2.0,1.0,1.0,unknown,0,0,0,0,0,0,150000.0
tayara,maison_villa,Ariana,La Soukra,450.0,5.0,4.0,3.0,ground_floor,0,0,0,0,0,0,1200000.0
tayara,maison_villa,Tunis,Tunis,450.0,9.0,8.0,0.0,unknown,0,0,0,0,0,0,2000000.0
tayara,maison_villa,Nabeul,Hammamet,,2.0,1.0,1.0,unknown,0,0,0,0,0,0,1250000.0
tayara,maison_villa,Tunis,Agba,228.0,4.0,3.0,2.0,unknown,0,0,0,0,0,0,430000.0
tayara,maison_villa,Ariana,Mnihla,287.0,3.0,2.0,2.0,ground_floor,0,1,0,1,1,0,550000.0
tayara,maison_villa,Ben Arous,Medina Jedida,500.0,3.0,2.0,2.0,ground_floor,0,0,0,0,0,0,980000.0
tayara,maison_villa,Sfax,Route Saltania,160.0,3.0,3.0,,unknown,0,1,0,0,0,0,4290000.0
tayara,maison_villa,Manouba,La Manouba,160.0,3.0,1.0,1.0,unknown,0,1,0,1,0,0,565000.0
tayara,maison_villa,Sousse,Sousse Riadh,140.0,2.0,1.0,1.0,unknown,0,0,0,0,0,0,5189000.0
tayara,maison_villa,Ben Arous,Boumhel,751.0,6.0,5.0,,ground_floor,0,0,1,0,0,0,1500000.0
tayara,maison_villa,Ariana,Ennasr,520.0,4.0,3.0,3.0,ground_floor,0,0,0,1,1,0,1320000.0
tayara,maison_villa,Sousse,M Saken,950.0,2.0,,,ground_floor,0,1,0,0,0,0,1690000.0
tayara,maison_villa,Tunis,Agba,,2.0,1.0,1.0,unknown,0,0,0,0,0,0,500000.0
tayara,maison_villa,Nabeul,Hammamet,,3.0,2.0,2.0,ground_floor,0,0,0,0,0,0,1175000.0
tayara,maison_villa,Ariana,La Soukra,1000.0,4.0,4.0,4.0,unknown,0,1,1,0,1,0,1700000.0
tayara,maison_villa,Sfax,Route El Ain,171.0,3.0,2.0,1.0,unknown,0,1,0,0,0,0,260000.0
tayara,maison_villa,Nabeul,Klibia,117.0,3.0,2.0,2.0,floor_1,0,1,0,0,0,1,230000.0
tayara,maison_villa,Ariana,Cite Ennkhilet,,3.0,2.0,2.0,unknown,0,1,0,0,0,0,520000.0
tayara,maison_villa,Tunis,El Omrane Suprieur,100.0,4.0,3.0,2.0,ground_floor,0,0,0,0,0,0,330000.0
tayara,maison_villa,Tunis,Tunis,274.0,3.0,2.0,0.0,ground_floor,0,1,0,0,0,0,360000.0
tayara,maison_villa,Ariana,Kalat Andalous,935.0,5.0,4.0,4.0,unknown,0,0,0,0,0,0,750000.0
tayara,maison_villa,Tunis,Agba,,7.0,1.0,1.0,unknown,0,0,0,0,0,0,650000.0
tayara,maison_villa,Nabeul,Klibia,150.0,2.0,1.0,1.0,floor_1,0,0,0,0,0,0,95000.0
tayara,maison_villa,Ariana,Ennasr,438.0,4.0,3.0,3.0,ground_floor,0,0,0,0,0,0,925000.0
tayara,maison_villa,Nabeul,Klibia,135.0,2.0,1.0,1.0,floor_1,0,0,0,0,0,0,160000.0
tayara,maison_villa,Sousse,Hergla,220.0,2.0,2.0,2.0,unknown,0,0,0,0,0,0,320000.0
tayara,maison_villa,Tunis,Le Bardo,1200.0,3.0,2.0,2.0,unknown,0,0,0,0,0,0,1500000.0
tayara,maison_villa,Sousse,Hammam Sousse,232.0,5.0,4.0,4.0,unknown,0,1,1,1,1,0,5470000.0
tayara,maison_villa,Tunis,Le Bardo,,2.0,1.0,1.0,ground_floor,0,0,0,0,0,0,450000.0
tayara,maison_villa,Bizerte,Bizerte,180.0,4.0,3.0,2.0,floor_1,0,0,0,0,1,0,680000.0
tayara,maison_villa,Bizerte,Ras Jebel,300.0,4.0,3.0,4.0,ground_floor,0,0,0,0,0,0,740000.0
tayara,maison_villa,Ariana,Ettadhamen,,2.0,1.0,1.0,unknown,0,0,0,0,0,0,950000.0
tayara,maison_villa,Nabeul,Klibia,110.0,2.0,1.0,1.0,floor_1,0,1,0,0,0,0,210000.0
tayara,maison_villa,Nabeul,Klibia,133.0,2.0,1.0,1.0,unknown,0,0,0,0,0,0,155000.0
tayara,maison_villa,Ariana,Chotrana 3,571.0,7.0,6.0,6.0,ground_floor,0,0,0,0,0,0,1900000.0
tayara,maison_villa,Nabeul,Hammamet,480.0,3.0,1.0,1.0,unknown,0,0,0,0,0,0,335000.0
tayara,maison_villa,Ben Arous,Fouchana,310.0,4.0,3.0,1.0,unknown,0,1,0,0,0,0,350000.0
tayara,maison_villa,Bizerte,Ras Jebel,712.0,3.0,2.0,2.0,ground_floor,0,0,0,0,0,0,370000.0
tayara,maison_villa,Ariana,Mnihla,461.0,,,,ground_floor,0,1,1,0,0,0,560000.0
tayara,maison_villa,Ben Arous,Borj Cedria,427.0,5.0,4.0,0.0,unknown,0,0,0,0,0,0,560000.0
tayara,maison_villa,Bizerte,Ras Jebel,70.0,2.0,1.0,1.0,unknown,0,0,0,0,0,0,150001.0
tayara,maison_villa,Ariana,La Soukra,230.0,4.0,2.0,3.0,unknown,0,0,1,0,0,0,900000.0
tayara,maison_villa,Tunis,Tunis,,3.0,2.0,2.0,unknown,0,0,0,0,0,0,650000.0
tayara,maison_villa,Tunis,Carthage,400.0,4.0,3.0,0.0,ground_floor,0,1,0,0,0,0,2400000.0
tayara,maison_villa,Nabeul,Hammamet Nord,330.0,4.0,3.0,3.0,unknown,0,1,0,0,0,0,620000.0
tayara,maison_villa,Nabeul,Hammamet,360.0,4.0,3.0,3.0,unknown,0,0,0,0,0,0,850000.0
tayara,maison_villa,Ariana,Ariana Ville,423.0,4.0,3.0,3.0,unknown,0,0,0,0,0,0,890000.0
tayara,maison_villa,Nabeul,Hammamet,250.0,,,,ground_floor,0,1,0,0,0,0,700000.0
tayara,maison_villa,Nabeul,Hammamet,350.0,5.0,4.0,4.0,unknown,0,1,1,1,0,0,1400000.0
tayara,maison_villa,Ariana,Chotrana 2,230.0,4.0,2.0,3.0,unknown,0,0,1,0,0,0,2900000.0
tayara,maison_villa,Ariana,Chotrana 3,775.0,2.0,2.0,8.0,ground_floor,0,0,0,0,0,0,3980000.0
tayara,maison_villa,Sousse,Akouda,,3.0,2.0,2.0,unknown,0,0,0,0,0,0,360000.0
tayara,maison_villa,Mahdia,Mahdia,113.0,4.0,3.0,3.0,ground_floor,0,1,0,0,0,0,300000.0
tayara,maison_villa,Ariana,Ariana Ville,365.0,4.0,3.0,3.0,ground_floor,0,0,0,1,0,0,749996.0
tayara,maison_villa,Tunis,Le Bardo,549.0,4.0,3.0,3.0,ground_floor,0,1,1,0,1,0,820000.0
tayara,maison_villa,Sfax,Route De Laroport,,4.0,3.0,1.0,unknown,0,0,0,0,0,0,111111.0
tayara,maison_villa,Sousse,Sousse Riadh,,2.0,1.0,1.0,unknown,0,0,0,0,0,0,680000.0
tayara,maison_villa,Mahdia,Mahdia,234.0,3.0,2.0,1.0,unknown,0,0,0,0,0,0,280000.0
tayara,maison_villa,Tataouine,Ghomrassen,,3.0,2.0,5.0,unknown,0,0,0,0,0,0,65000.0
tayara,maison_villa,Ben Arous,El Mourouj 1,520.0,4.0,3.0,4.0,ground_floor,0,1,0,0,0,0,920000.0
tayara,maison_villa,Manouba,La Manouba,185.0,2.0,1.0,1.0,unknown,0,1,0,0,0,0,560000.0
tayara,maison_villa,Nabeul,Klibia,120.0,,,,unknown,0,0,1,0,0,0,249000.0
tayara,maison_villa,Tunis,El Omrane Suprieur,150.0,2.0,1.0,2.0,ground_floor,0,1,0,0,0,0,529996.0
tayara,maison_villa,Tunis,Le Bardo,750.0,4.0,3.0,2.0,ground_floor,0,1,0,0,0,0,900000.0
tayara,maison_villa,Tunis,Carthage,795.0,3.0,2.0,2.0,unknown,0,0,0,0,0,0,5400000.0
tayara,maison_villa,Bizerte,Zarzouna,148.0,4.0,3.0,1.0,unknown,0,1,0,0,0,0,310000.0
tayara,maison_villa,Sousse,Sousse Riadh,178.0,3.0,1.0,1.0,unknown,0,1,0,0,0,0,240000.0
tayara,maison_villa,Tunis,Tunis,240.0,2.0,1.0,1.0,unknown,0,0,0,0,0,0,189000.0
tayara,maison_villa,Nabeul,Klibia,,,,,ground_floor,0,0,0,0,0,0,249000.0
tayara,maison_villa,Bizerte,Ras Jebel,,1.0,,4.0,unknown,0,0,1,0,0,0,800000.0
tayara,maison_villa,Ariana,Ennasr,410.0,4.0,3.0,3.0,unknown,0,0,0,0,1,0,950000.0
tayara,maison_villa,Tunis,Autres Villes,125.0,3.0,3.0,3.0,unknown,0,1,0,1,0,0,449000.0
tayara,maison_villa,Mahdia,Mahdia,380.0,4.0,3.0,2.0,ground_floor,0,0,0,0,0,1,650000.0
tayara,maison_villa,Bizerte,Ras Jebel,1803.0,3.0,2.0,3.0,ground_floor,0,0,1,0,0,0,900000.0
tayara,maison_villa,Ben Arous,Borj Cedria,416.0,3.0,1.0,1.0,unknown,0,0,0,0,0,0,340000.0
tayara,maison_villa,Tunis,Ain Zaghouen,108.0,2.0,2.0,2.0,ground_floor,0,0,0,0,1,0,360000.0
tayara,maison_villa,Tunis,Le Bardo,228.0,3.0,1.0,1.0,unknown,0,0,0,0,0,0,350000.0
tayara,maison_villa,Tunis,Le Bardo,380.0,4.0,3.0,3.0,ground_floor,0,1,0,0,0,0,670000.0
tayara,maison_villa,Ariana,Jardins El Menzah,300.0,3.0,2.0,,unknown,0,1,0,0,0,0,750000.0
tayara,maison_villa,Tunis,Le Bardo,389.0,1.0,,6.0,ground_floor,0,1,0,0,0,0,620000.0
tayara,maison_villa,Tunis,Le Bardo,498.0,4.0,3.0,1.0,ground_floor,0,1,0,0,0,0,530000.0
tayara,maison_villa,Nabeul,Klibia,,3.0,2.0,2.0,unknown,0,0,1,0,0,0,295000.0
tayara,maison_villa,Ariana,Ariana Ville,240.0,4.0,4.0,0.0,ground_floor,0,0,0,0,1,0,390000.0
tayara,maison_villa,Tunis,Le Bardo,100.0,1.0,0.0,0.0,unknown,0,0,0,0,0,0,190000.0
tayara,maison_villa,Tunis,Gammarth,302.0,3.0,2.0,2.0,unknown,0,1,0,0,0,0,900000.0
tayara,maison_villa,Ariana,Borj Louzir,400.0,3.0,2.0,,ground_floor,0,0,0,1,1,0,780000.0
tayara,maison_villa,Ariana,Ariana,417.0,2.0,1.0,1.0,unknown,0,0,0,0,0,0,950000.0
tayara,maison_villa,Tunis,El Menzah 8,500.0,4.0,3.0,,unknown,0,1,1,0,0,0,1199997.0
tayara,maison_villa,Ariana,Raoued,200.0,5.0,3.0,3.0,ground_floor,0,1,0,1,1,0,469999.0
tayara,maison_villa,Ben Arous,Medina Jedida,120.0,2.0,1.0,1.0,unknown,0,0,0,0,0,0,160000.0
tayara,maison_villa,Sousse,Sousse Jawhara,113.0,4.0,3.0,1.0,unknown,0,0,0,0,1,0,345000.0
tayara,maison_villa,Nabeul,Hammamet Nord,203.0,3.0,2.0,3.0,unknown,0,1,1,0,0,0,660000.0
tayara,maison_villa,Sousse,Hammam Sousse,200.0,3.0,,4.0,ground_floor,0,1,0,0,0,0,740000.0
tayara,maison_villa,Tunis,Sidi Hassine,124.0,4.0,3.0,1.0,floor_1,0,0,0,0,0,0,199998.0
tayara,maison_villa,Tunis,Tunis,300.0,4.0,2.0,2.0,unknown,0,1,0,0,0,1,900000.0
tayara,maison_villa,Bizerte,Bizerte,272.0,4.0,2.0,2.0,ground_floor,0,1,1,0,0,0,750000.0
tayara,maison_villa,Ariana,Les Jardins El Menzah 2,145.0,3.0,3.0,1.0,unknown,1,1,0,0,0,0,2355000.0
tayara,maison_villa,Bizerte,Bizerte,240.0,4.0,3.0,3.0,ground_floor,0,1,0,0,0,0,750000.0
tayara,maison_villa,Bizerte,Ras Jebel,,4.0,3.0,1.0,ground_floor,0,0,0,0,0,0,380000.0
tayara,maison_villa,Ben Arous,El Mourouj 1,500.0,4.0,,5.0,ground_floor,0,0,0,0,0,0,1950000.0
tayara,maison_villa,Tunis,Tunis,186.0,,,,ground_floor,0,0,0,0,0,0,720000.0
tayara,maison_villa,Tunis,Tunis,595.0,3.0,3.0,3.0,unknown,0,0,0,0,0,0,595000.0
tayara,maison_villa,Sousse,Akouda,441.0,4.0,4.0,5.0,unknown,0,0,0,1,1,0,480000.0
tayara,maison_villa,Nabeul,Klibia,,3.0,2.0,2.0,unknown,0,1,0,0,0,0,270000.0
tayara,maison_villa,Manouba,Mornaguia,,4.0,3.0,2.0,unknown,0,1,1,0,1,0,520000.0
tayara,maison_villa,Sfax,Route De Laroport,307.0,6.0,5.0,1.0,unknown,0,0,0,0,0,0,210000.0
tayara,maison_villa,Sfax,Route Manzel Chaker,1275.0,5.0,4.0,3.0,ground_floor,0,1,0,0,0,0,2700000.0
tayara,maison_villa,Sousse,Sousse Mdina,,3.0,1.0,1.0,unknown,0,0,0,0,0,0,260000.0
tayara,maison_villa,Ben Arous,Rads,,5.0,4.0,4.0,unknown,0,0,0,0,0,0,150000.0
tayara,maison_villa,Tunis,Tunis,147.0,2.0,1.0,1.0,unknown,0,0,0,0,0,0,390000.0
tayara,maison_villa,Ariana,Ghazela,,3.0,2.0,2.0,ground_floor,0,0,0,0,0,0,690000.0
tayara,maison_villa,Nabeul,Klibia,160.0,2.0,,3.0,floor_1,0,0,0,0,0,0,700000.0
tayara,maison_villa,Tunis,Tunis,410.0,1.0,0.0,0.0,unknown,0,0,0,0,0,0,1400000.0
tayara,maison_villa,Nabeul,Klibia,313.0,3.0,3.0,3.0,unknown,0,0,0,0,0,0,330000.0
tayara,maison_villa,Manouba,Djedeida,,2.0,1.0,1.0,unknown,0,0,0,0,0,0,150000.0
tayara,maison_villa,Mahdia,El Jem,,4.0,1.0,1.0,unknown,0,0,0,0,0,0,75000.0
tayara,maison_villa,Nabeul,Hammamet,280.0,3.0,3.0,3.0,ground_floor,0,0,0,0,0,0,500000.0
tayara,maison_villa,Nabeul,Klibia,700.0,4.0,3.0,3.0,floor_1,0,0,0,0,0,0,2350000.0
tayara,maison_villa,Tunis,Tunis,145.0,3.0,3.0,3.0,ground_floor,0,1,0,0,1,0,670000.0
tayara,maison_villa,Tunis,Sfax Ville,320.0,4.0,3.0,2.0,ground_floor,0,1,0,0,0,0,375000.0
tayara,maison_villa,Ariana,Borj Louzir,420.0,2.0,1.0,1.0,unknown,0,0,0,0,0,0,600000.0
tayara,maison_villa,Nabeul,Hammamet,,5.0,4.0,2.0,unknown,0,0,1,0,0,0,580000.0
tayara,maison_villa,Mahdia,Route Mehdia,800.0,4.0,3.0,,ground_floor,0,1,0,0,0,0,5500000.0
tayara,maison_villa,Ariana,Riadh Andalous,420.0,4.0,4.0,2.0,unknown,0,1,0,0,0,0,845000.0
tayara,maison_villa,Ariana,Borj Louzir,364.0,3.0,2.0,2.0,ground_floor,0,1,0,1,1,0,800000.0
tayara,maison_villa,Sidi Bouzid,Autres Villes,,2.0,1.0,1.0,unknown,0,0,0,0,0,0,90000.0
tayara,maison_villa,Ben Arous,El Mourouj 3,150.0,4.0,3.0,3.0,unknown,0,0,0,0,0,0,920000.0
tayara,maison_villa,Gafsa,Gafsa Sud,,4.0,3.0,2.0,unknown,0,1,0,0,0,0,580000.0
tayara,maison_villa,Nabeul,Hammamet,500.0,5.0,4.0,4.0,ground_floor,0,1,1,1,1,0,750000.0
tayara,maison_villa,Sousse,Hergla,,2.0,1.0,1.0,unknown,0,1,0,0,0,0,432000.0
tayara,maison_villa,Gabès,Gabs Sud,,4.0,3.0,3.0,unknown,0,1,0,0,0,0,450000.0
tayara,maison_villa,Ben Arous,Autres Villes,230.0,3.0,2.0,2.0,unknown,0,0,0,0,0,0,4800000.0
tayara,maison_villa,Mahdia,Mahdia,123.0,3.0,2.0,2.0,ground_floor,0,0,0,1,0,0,315000.0
tayara,maison_villa,Bizerte,Ras Jebel,95.0,3.0,2.0,3.0,ground_floor,0,0,0,0,0,0,570000.0
tayara,maison_villa,Tunis,Bellevue,,9.0,7.0,3.0,unknown,0,1,0,0,1,0,950000.0
tayara,maison_villa,Tunis,Mdina,90.0,6.0,5.0,1.0,ground_floor,0,0,0,0,0,0,420000.0
tayara,maison_villa,Gafsa,El Ksar,,3.0,2.0,2.0,unknown,0,0,0,0,0,0,200000.0
tayara,maison_villa,Mahdia,Mahdia,200.0,4.0,3.0,1.0,unknown,0,0,0,0,0,0,400000.0
tayara,maison_villa,Tunis,Agba,105.0,4.0,3.0,2.0,ground_floor,0,1,0,0,0,0,265000.0
tayara,maison_villa,Nabeul,Hammamet,1700.0,6.0,6.0,0.0,unknown,0,0,1,0,0,0,1900000.0
tayara,maison_villa,Tunis,Le Bardo,225.0,3.0,2.0,2.0,unknown,0,0,0,0,0,0,800000.0
tayara,maison_villa,Manouba,La Manouba,350.0,3.0,3.0,1.0,ground_floor,0,0,0,0,0,0,390000.0
tayara,maison_villa,Tunis,Ezzouhour,202.0,3.0,2.0,2.0,ground_floor,0,0,0,0,0,0,450000.0
tayara,maison_villa,Tunis,Mutuelleville,586.0,3.0,2.0,2.0,unknown,0,0,0,0,0,0,1650000.0
tayara,maison_villa,Nabeul,Hammamet,,4.0,3.0,3.0,unknown,0,1,0,0,0,0,620000.0
tayara,maison_villa,Tunis,Le Bardo,,4.0,1.0,1.0,unknown,0,1,0,0,1,0,395000.0
tayara,maison_villa,Manouba,Mornaguia,750.0,3.0,2.0,2.0,unknown,0,0,0,0,0,0,2650000.0
tayara,maison_villa,Nabeul,Klibia,,2.0,1.0,1.0,unknown,0,0,0,0,0,0,160000.0
tayara,maison_villa,Ariana,Sidi Thabet,,3.0,2.0,2.0,unknown,0,0,0,0,0,0,449999.0
tayara,maison_villa,Bizerte,Bizerte Nord,130.0,2.0,2.0,2.0,unknown,0,1,0,0,0,0,420000.0
tayara,maison_villa,Ariana,Ennasr,,5.0,4.0,4.0,ground_floor,0,0,0,0,0,0,3789000.0
tayara,maison_villa,Sousse,Kala Kebira,334.0,3.0,2.0,2.0,unknown,0,1,0,0,0,0,355000.0
tayara,maison_villa,Bizerte,Bizerte,,4.0,3.0,1.0,unknown,0,0,0,1,0,0,200000.0
tayara,maison_villa,Sousse,Hergla,315.0,3.0,,6.0,ground_floor,0,0,1,0,0,0,650000.0
tayara,maison_villa,Tunis,El Menzah 9,190.0,4.0,3.0,4.0,ground_floor,0,1,0,0,0,0,1150000.0
tayara,maison_villa,Nabeul,Klibia,554.0,,,,unknown,0,0,0,0,0,0,1100000.0
tayara,maison_villa,Tunis,Tunis,140.0,2.0,1.0,1.0,unknown,0,0,0,0,0,0,110000.0
tayara,maison_villa,Tunis,El Omrane,,2.0,1.0,1.0,unknown,0,0,0,0,0,0,300000.0
tayara,maison_villa,Sousse,Hergla,400.0,4.0,3.0,1.0,unknown,0,0,0,0,0,0,260000.0
tayara,maison_villa,Médenine,Mdenine Sud,,6.0,5.0,5.0,unknown,0,0,0,0,0,0,150000.0
tayara,maison_villa,Ariana,Autres Villes,170.0,4.0,3.0,0.0,ground_floor,0,0,0,0,0,0,800000.0
tayara,maison_villa,Médenine,Djerba Houmt Souk,,4.0,3.0,,unknown,0,0,0,0,0,0,440000.0
tayara,maison_villa,Tunis,L Aouina,400.0,3.0,,5.0,ground_floor,0,0,0,0,0,0,1000000.0
tayara,maison_villa,Manouba,Denden,,3.0,2.0,2.0,unknown,0,0,0,0,0,0,230000.0
tayara,maison_villa,Tunis,Sidi Bou Said,320.0,6.0,5.0,0.0,unknown,0,1,1,0,0,0,2400000.0
tayara,maison_villa,Ariana,Ettadhamen,,2.0,2.0,1.0,unknown,0,0,0,0,0,0,80000.0
tayara,maison_villa,Tunis,Le Bardo,750.0,6.0,4.0,2.0,unknown,0,0,0,0,0,0,890000.0
tayara,maison_villa,Sousse,Hammam Sousse,260.0,2.0,1.0,,unknown,0,0,0,0,0,0,530000.0
tayara,maison_villa,Manouba,Manouba Ville,470.0,10.0,7.0,8.0,ground_floor,0,0,1,1,1,0,2350000.0
tayara,maison_villa,Tunis,Carthage,300.0,5.0,4.0,0.0,unknown,0,1,0,1,1,0,5500000.0
tayara,maison_villa,Tunis,Tunis,,3.0,1.0,1.0,ground_floor,0,0,0,0,0,0,3290000.0
tayara,maison_villa,Sousse,Akouda,1128.0,4.0,2.0,2.0,ground_floor,0,0,0,0,0,0,850000.0
tayara,maison_villa,Tunis,Le Bardo,388.0,3.0,3.0,2.0,ground_floor,0,1,0,0,0,0,520000.0
tayara,maison_villa,Tunis,Tunis,,4.0,3.0,2.0,ground_floor,0,0,0,0,0,0,350000.0
tayara,maison_villa,Tunis,El Omrane Suprieur,140.0,1.0,,4.0,ground_floor,0,1,0,0,1,0,580000.0
tayara,maison_villa,Tunis,Le Bardo,,3.0,2.0,2.0,unknown,0,0,0,0,0,0,385000.0
tayara,maison_villa,Sousse,Kala Kebira,,4.0,3.0,3.0,ground_floor,0,0,0,0,0,0,450000.0
tayara,maison_villa,Nabeul,Klibia,,2.0,1.0,1.0,unknown,0,0,1,0,0,0,379999.0
tayara,maison_villa,Ben Arous,Mohamedia,130.0,2.0,2.0,,floor_1,0,0,0,0,0,0,130000.0
tayara,maison_villa,Nabeul,Hammamet,,2.0,2.0,2.0,floor_2,0,1,1,0,0,0,340000.0
tayara,maison_villa,Tunis,Tunis,,1.0,1.0,1.0,unknown,0,0,0,0,0,0,160000.0
tayara,maison_villa,Tunis,Manar,,3.0,2.0,2.0,ground_floor,0,1,0,0,0,0,1598999.0
tayara,maison_villa,Tunis,Tunis,1000.0,4.0,3.0,3.0,unknown,0,0,0,0,0,0,4850000.0
tayara,maison_villa,Tunis,La Marsa,,6.0,6.0,0.0,ground_floor,0,1,0,1,1,0,2100000.0
tayara,maison_villa,Sousse,Sidi Bou Ali,1500.0,4.0,4.0,0.0,unknown,0,0,0,0,0,0,300000.0
tayara,maison_villa,Tunis,Tunis,206.0,4.0,3.0,4.0,ground_floor,0,0,0,0,0,0,520000.0
tayara,maison_villa,Tunis,Tunis,800.0,5.0,4.0,4.0,unknown,0,0,0,0,0,0,2100000.0
tayara,maison_villa,Ariana,La Soukra,545.0,4.0,4.0,4.0,unknown,0,0,0,0,0,0,7000000.0
tayara,maison_villa,Ariana,Mnihla,200.0,3.0,2.0,1.0,ground_floor,0,1,0,0,0,0,300000.0
tayara,maison_villa,Ben Arous,Boumhel,,6.0,6.0,3.0,unknown,0,1,0,0,1,0,850000.0
tayara,maison_villa,Tunis,Tunis,,2.0,1.0,1.0,unknown,0,0,0,0,0,0,235000.0
tayara,maison_villa,Bizerte,Bizerte Sud,181.0,3.0,2.0,2.0,unknown,0,0,0,0,0,0,180000.0
tayara,maison_villa,Nabeul,Hammamet,,4.0,3.0,3.0,unknown,0,0,1,1,1,0,790000.0
tayara,maison_villa,Tunis,Le Bardo,280.0,3.0,2.0,2.0,ground_floor,0,0,0,0,0,0,580000.0
tayara,maison_villa,Ben Arous,Ezzahra,186.0,3.0,2.0,2.0,unknown,0,1,0,0,1,0,430000.0
tayara,maison_villa,Tunis,Le Bardo,414.0,2.0,1.0,1.0,ground_floor,0,1,0,0,0,0,790000.0
tayara,maison_villa,Tunis,El Ouardia,454.0,,,,ground_floor,0,0,0,0,0,0,800000.0
tayara,maison_villa,Tunis,Route Tunis,450.0,3.0,2.0,2.0,unknown,0,1,0,0,0,0,3320000.0
tayara,maison_villa,Tunis,Agba,350.0,4.0,3.0,1.0,floor_1,0,0,0,0,0,0,380000.0
tayara,maison_villa,Tunis,Tunis,100.0,3.0,2.0,1.0,ground_floor,0,0,0,0,0,0,90000.0
tayara,maison_villa,Nabeul,Hammam Ghezze,,3.0,2.0,2.0,unknown,0,0,0,0,0,0,290000.0
tayara,maison_villa,Tunis,Tunis Belvedere,465.0,1.0,,4.0,ground_floor,0,1,0,0,0,0,1170000.0
tayara,maison_villa,Tunis,Le Bardo,375.0,3.0,2.0,0.0,ground_floor,0,0,0,0,1,0,740000.0
tayara,maison_villa,Tunis,Mdina,134.0,6.0,5.0,2.0,unknown,0,0,0,0,0,0,250000.0
tayara,maison_villa,Ariana,Raoued,,4.0,3.0,3.0,ground_floor,0,0,1,1,1,0,890000.0
tayara,maison_villa,Sousse,Kala Kebira,,,,3.0,ground_floor,0,0,0,0,0,0,650000.0
tayara,maison_villa,Ariana,Ariana Ville,399.0,3.0,2.0,2.0,ground_floor,0,0,0,0,0,0,950000.0
tayara,maison_villa,Tunis,Hraria,,3.0,1.0,1.0,unknown,0,0,0,0,0,0,2520000.0
tayara,maison_villa,Tunis,Tunis,256.0,4.0,4.0,2.0,unknown,0,1,0,0,0,0,270000.0
tayara,maison_villa,Tunis,Mutuelleville,503.0,3.0,2.0,2.0,ground_floor,0,1,0,0,0,0,1850000.0
tayara,maison_villa,Nabeul,Hammamet Centre,500.0,2.0,1.0,1.0,unknown,0,0,0,0,0,0,160000.0
tayara,maison_villa,Tunis,Monfleury,781.0,5.0,4.0,2.0,ground_floor,0,0,0,0,0,0,790000.0
tayara,maison_villa,Tunis,Khaznadar,,3.0,2.0,1.0,floor_1,0,1,0,0,0,0,2200000.0
tayara,maison_villa,Nabeul,Hammamet,840.0,5.0,4.0,4.0,ground_floor,0,1,1,1,1,0,1390000.0
tayara,maison_villa,Ariana,Raoued,214.0,4.0,3.0,3.0,unknown,0,0,0,0,0,0,490000.0
tayara,maison_villa,Tunis,Mutuelleville,500.0,4.0,3.0,3.0,ground_floor,0,1,1,1,1,0,1900000.0
tayara,maison_villa,Tunis,Tunis,600.0,2.0,1.0,1.0,unknown,0,0,0,0,0,0,2320000.0
tayara,maison_villa,Tunis,La Marsa,550.0,5.0,4.0,4.0,ground_floor,0,1,1,0,0,0,1600000.0
tayara,maison_villa,Tunis,Alain Savary,781.0,3.0,2.0,2.0,unknown,0,0,0,0,0,0,2200000.0
tayara,maison_villa,Gafsa,Gafsa Sud,,4.0,3.0,3.0,unknown,0,0,0,0,0,0,400000.0
tayara,maison_villa,Nabeul,Klibia,,3.0,2.0,2.0,unknown,0,0,0,0,0,0,700000.0
tayara,maison_villa,Sousse,Sousse Riadh,,3.0,2.0,2.0,unknown,0,0,0,0,0,0,858230.0
tayara,maison_villa,Nabeul,Klibia,,3.0,2.0,2.0,unknown,0,0,0,0,0,0,111111.0
tayara,maison_villa,Nabeul,Klibia,,4.0,3.0,3.0,unknown,0,0,1,0,0,0,650000.0
tayara,maison_villa,Tunis,Hraria,740.0,2.0,1.0,1.0,unknown,0,0,0,0,0,0,770000.0
tayara,maison_villa,Tunis,Tunis,,7.0,5.0,0.0,ground_floor,0,0,0,0,0,0,1100000.0
tayara,maison_villa,Tunis,Hraria,,2.0,2.0,0.0,unknown,0,1,0,0,0,0,125000.0
tayara,maison_villa,Mahdia,Mahdia,185.0,3.0,1.0,1.0,floor_1,0,0,0,0,0,0,260000.0
tecnocasa,appartement,Ariana,Ariana Ville,112.0,2.0,2.0,,ground_floor,0,1,0,0,1,0,135000.0
tecnocasa,appartement,Ariana,La Petite Ariana,110.0,2.0,2.0,,unknown,1,0,0,0,1,0,265000.0
tecnocasa,appartement,Ariana,El Ghazela 2,146.0,,,,ground_floor,0,0,0,0,0,0,350000.0
tecnocasa,appartement,Ariana,Hedi Nouira Ariana,132.0,3.0,3.0,,ground_floor,0,1,0,0,1,0,320000.0
tecnocasa,appartement,Ariana,Ariana Ville,69.0,1.0,1.0,,unknown,0,0,0,0,1,0,150000.0
tecnocasa,appartement,Ariana,Ariana Ville,92.0,2.0,2.0,,unknown,0,1,0,1,0,0,177000.0
tecnocasa,appartement,Ariana,Ariana Ville,120.0,3.0,3.0,,unknown,0,1,0,1,1,0,230000.0
tecnocasa,appartement,Ariana,Riadh Landalous,168.0,3.0,3.0,,unknown,0,1,0,1,1,0,430000.0
tecnocasa,appartement,Ariana,Hedi Nouira Ariana,75.0,3.0,3.0,,unknown,1,1,0,1,1,0,180000.0
tecnocasa,appartement,Ariana,Hedi Nouira Ariana,109.0,2.0,2.0,,unknown,0,0,0,1,1,0,185000.0
tecnocasa,appartement,Ariana,Hedi Nouira Ariana,85.0,2.0,2.0,,unknown,0,1,0,0,1,0,155000.0
tecnocasa,appartement,Ariana,Riadh Landalous,140.0,3.0,3.0,,unknown,0,1,0,0,0,0,395000.0
tecnocasa,appartement,Ariana,Riadh Landalous,100.0,2.0,2.0,,floor_2,1,0,0,0,1,0,259000.0
tecnocasa,appartement,Ariana,Cité El Ghazala,152.0,3.0,3.0,,unknown,1,1,0,0,1,0,340000.0
tecnocasa,appartement,Ariana,Hedi Nouira Ariana,100.0,3.0,3.0,,unknown,0,1,0,1,1,0,190000.0
tecnocasa,appartement,Ariana,Ennasr 2,110.0,2.0,2.0,,floor_1,0,1,0,1,1,0,380000.0
tecnocasa,appartement,Ariana,Ennasr 2,55.0,1.0,1.0,,unknown,0,0,0,1,1,0,165000.0
tecnocasa,appartement,Ariana,,185.0,3.0,3.0,,unknown,1,1,0,1,1,0,385000.0
tecnocasa,appartement,Ariana,Ennasr 2,59.0,1.0,1.0,,unknown,1,0,0,0,1,0,200000.0
tecnocasa,appartement,Ariana,Ennasr 2,90.0,2.0,2.0,,unknown,1,1,0,1,1,0,275000.0
tecnocasa,appartement,Ariana,Ennasr 2,139.0,3.0,3.0,,unknown,1,1,0,1,1,0,380000.0
tecnocasa,appartement,Ariana,Ennasr 2,141.0,3.0,3.0,,unknown,1,1,0,1,1,0,400000.0
tecnocasa,appartement,Ariana,Ennasr,135.0,3.0,3.0,,unknown,1,1,0,0,1,0,380000.0
tecnocasa,appartement,Ariana,,120.0,2.0,2.0,,unknown,0,1,0,0,1,0,325000.0
tecnocasa,appartement,Ariana,Ennasr 2,132.0,3.0,3.0,,floor_1,0,1,0,1,1,0,330000.0
tecnocasa,appartement,Ariana,Jardins D'Ennasr,179.0,3.0,3.0,,unknown,0,1,0,0,1,0,520000.0
tecnocasa,appartement,Ariana,Ennasr 2,119.0,2.0,2.0,,unknown,1,0,0,1,1,0,310000.0
tecnocasa,appartement,Ariana,Ennasr 2,152.0,3.0,3.0,,unknown,1,1,0,1,1,0,380000.0
tecnocasa,appartement,Ariana,Ennasr 2,144.0,3.0,3.0,,ground_floor,1,1,0,1,1,0,435000.0
tecnocasa,appartement,Ariana,Ennasr 2,55.0,1.0,1.0,,unknown,1,0,0,1,1,0,175000.0
tecnocasa,appartement,Tunis,Menzah 7,130.0,4.0,4.0,,unknown,1,0,0,1,1,0,370000.0
tecnocasa,appartement,Tunis,Menzah 9,305.0,3.0,3.0,,unknown,1,1,0,1,1,0,638000.0
tecnocasa,appartement,Tunis,Menzah 9,115.0,3.0,3.0,,unknown,0,0,0,0,0,0,285000.0
tecnocasa,appartement,Tunis,Menzah 6,120.0,,,,ground_floor,0,1,0,0,0,0,450000.0
tecnocasa,appartement,Tunis,Menzah 9,120.0,3.0,3.0,,unknown,1,1,0,1,1,0,390000.0
tecnocasa,appartement,Tunis,Menzah 6,260.0,3.0,3.0,,ground_floor,0,0,0,0,1,0,460000.0
tecnocasa,appartement,Tunis,Menzah 7,136.0,3.0,3.0,,unknown,1,1,0,1,1,0,280000.0
tecnocasa,appartement,Tunis,Menzah 7,115.0,3.0,3.0,,ground_floor,0,0,0,0,1,0,280000.0
tecnocasa,appartement,Tunis,Menzah 5,120.0,2.0,2.0,,unknown,0,0,0,0,1,0,260000.0
tecnocasa,appartement,Tunis,Menzah 8,130.0,3.0,3.0,,unknown,1,0,0,1,1,0,340000.0
tecnocasa,appartement,Tunis,Menzah 1-4,140.0,2.0,2.0,,ground_floor,0,1,0,0,1,0,280000.0
tecnocasa,appartement,Tunis,Menzah 9,260.0,,,,ground_floor,0,1,1,0,0,0,960000.0
tecnocasa,appartement,Tunis,Menzah 6,160.0,3.0,3.0,,unknown,0,0,0,0,1,0,440000.0
tecnocasa,appartement,Tunis,Menzah 9,155.0,3.0,3.0,,ground_floor,0,1,0,0,1,0,370000.0
tecnocasa,appartement,Tunis,Menzah 9,113.0,3.0,3.0,,unknown,0,0,0,1,1,0,330000.0
tecnocasa,appartement,Tunis,Bardo,50.0,2.0,2.0,,unknown,0,0,0,0,0,0,85000.0
tecnocasa,appartement,Tunis,Bardo,60.0,2.0,2.0,,unknown,0,0,0,0,0,0,95000.0
tecnocasa,appartement,Tunis,Bardo,110.0,3.0,3.0,,unknown,0,0,0,0,1,0,170000.0
tecnocasa,appartement,Tunis,Bardo,105.0,3.0,3.0,,unknown,0,1,0,1,1,0,210000.0
tecnocasa,appartement,Tunis,Bardo,100.0,2.0,2.0,,ground_floor,0,0,0,1,1,0,235000.0
tecnocasa,appartement,Tunis,St Clement,130.0,3.0,3.0,,unknown,0,0,0,0,1,0,430000.0
tecnocasa,appartement,Bizerte,Bizerte,153.0,2.0,2.0,,unknown,0,0,0,0,0,0,375000.0
tecnocasa,appartement,Bizerte,Bizerte,80.0,1.0,1.0,,unknown,0,1,0,0,0,0,230000.0
tecnocasa,appartement,Bizerte,Bizerte,108.0,3.0,3.0,,unknown,0,0,0,0,0,0,195000.0
tecnocasa,appartement,Bizerte,Bizerte,130.0,3.0,3.0,,unknown,0,0,0,0,0,0,420000.0
tecnocasa,appartement,Bizerte,Bizerte,80.0,2.0,2.0,,unknown,0,0,0,0,0,0,215000.0
tecnocasa,appartement,Bizerte,Bizerte,138.0,3.0,3.0,,floor_1,0,0,0,0,0,0,350000.0
tecnocasa,appartement,Bizerte,Bizerte,89.0,3.0,3.0,,unknown,0,0,0,0,0,0,200000.0
tecnocasa,appartement,Bizerte,Bizerte,51.0,1.0,1.0,,unknown,0,0,0,0,0,0,150000.0
tecnocasa,appartement,Bizerte,Bizerte,128.0,2.0,2.0,,unknown,0,0,0,0,0,0,290000.0
tecnocasa,appartement,Bizerte,Bizerte,95.0,2.0,2.0,,unknown,0,0,0,0,0,0,150000.0
tecnocasa,appartement,Bizerte,Bizerte,178.0,4.0,4.0,,unknown,0,1,0,0,0,0,190000.0
tecnocasa,appartement,Bizerte,Bizerte,144.0,2.0,2.0,,unknown,0,0,0,0,0,0,180000.0
tecnocasa,appartement,Bizerte,,205.0,,,,unknown,0,1,0,0,0,0,200000.0
tecnocasa,appartement,Bizerte,,51.0,2.0,2.0,,unknown,0,1,0,0,0,0,150000.0
tecnocasa,appartement,Bizerte,,200.0,2.0,2.0,,unknown,0,0,0,0,0,0,350000.0
tecnocasa,appartement,Nabeul,Nabeul Centre-Ville,174.0,2.0,2.0,,unknown,0,0,0,0,0,0,210000.0
tecnocasa,appartement,Nabeul,,123.0,2.0,2.0,,ground_floor,1,0,1,1,0,0,485000.0
tecnocasa,appartement,Nabeul,Nabeul Centre-Ville,110.0,3.0,3.0,,unknown,0,0,0,1,1,0,360000.0
tecnocasa,appartement,Nabeul,Nabeul Centre-Ville,117.0,2.0,2.0,,unknown,0,1,1,0,0,0,300000.0
tecnocasa,appartement,Nabeul,Hammamet Nord,189.0,2.0,2.0,,ground_floor,0,0,1,1,1,0,600000.0
tecnocasa,appartement,Nabeul,Nabeul Centre-Ville,304.0,3.0,3.0,,unknown,1,0,0,1,1,0,560000.0
tecnocasa,appartement,Nabeul,,169.0,2.0,2.0,,unknown,1,1,1,0,0,0,382000.0
tecnocasa,appartement,Nabeul,Nabeul Centre-Ville,137.0,2.0,2.0,,unknown,0,1,0,0,0,0,320000.0
tecnocasa,appartement,Nabeul,Nabeul Centre-Ville,120.0,2.0,2.0,,unknown,1,1,0,1,1,0,400000.0
tecnocasa,appartement,Nabeul,Nabeul Centre-Ville,66.0,2.0,2.0,,unknown,0,1,0,0,0,0,240000.0
tecnocasa,appartement,Nabeul,Nabeul Centre-Ville,120.0,2.0,2.0,,floor_2,0,0,0,0,0,0,410000.0
tecnocasa,appartement,Nabeul,Nabeul Afh,90.0,2.0,2.0,,floor_1,1,1,0,1,1,0,335000.0
tecnocasa,appartement,Nabeul,Nabeul Centre-Ville,200.0,3.0,3.0,,unknown,0,0,0,0,0,0,320000.0
tecnocasa,appartement,Nabeul,Nabeul Afh,115.0,2.0,2.0,,unknown,1,0,0,1,1,0,320000.0
tecnocasa,appartement,Nabeul,Nabeul Centre-Ville,64.0,1.0,1.0,,unknown,0,0,0,0,0,0,230000.0
tecnocasa,appartement,Sousse,Sahloul 1-2,155.0,3.0,3.0,,floor_1,0,0,0,0,0,0,450000.0
tecnocasa,appartement,Sousse,,80.0,2.0,2.0,,unknown,0,1,0,0,0,0,230000.0
tecnocasa,appartement,Sousse,Sahloul 4,132.0,3.0,3.0,,ground_floor,0,1,0,0,0,0,482000.0
tecnocasa,appartement,Sousse,Bouhsina,433.0,3.0,3.0,,ground_floor,0,0,1,0,0,0,740000.0
tecnocasa,appartement,Sousse,Sahloul 4,53.0,1.0,1.0,,unknown,0,1,0,0,0,0,244000.0
tecnocasa,appartement,Sousse,Sahloul 4,78.0,1.0,1.0,,unknown,0,0,0,0,0,1,260000.0
tecnocasa,appartement,Sousse,Bouhsina,126.0,3.0,3.0,,unknown,0,0,1,0,0,0,366000.0
tecnocasa,appartement,Sousse,,260.0,3.0,3.0,,ground_floor,0,1,0,0,0,0,420000.0
tecnocasa,appartement,Sousse,El Menchia,110.0,2.0,2.0,,unknown,0,1,0,0,0,0,310000.0
tecnocasa,appartement,Sousse,Cité Riadh,120.0,2.0,2.0,,unknown,1,1,0,0,0,0,219000.0
tecnocasa,appartement,Sousse,Cité Riadh,120.0,3.0,3.0,,unknown,0,0,0,0,0,0,125000.0
tecnocasa,appartement,Sousse,Cité Riadh,100.0,2.0,2.0,,unknown,0,0,0,0,0,0,88000.0
tecnocasa,appartement,Sousse,Cité Riadh,81.0,2.0,2.0,,ground_floor,0,0,0,0,0,0,77000.0
tecnocasa,appartement,Sousse,Cité Riadh,115.0,2.0,2.0,,unknown,1,0,0,0,0,0,119000.0
tecnocasa,appartement,Sousse,Khezema Est,150.0,3.0,3.0,,unknown,0,1,0,1,0,0,440000.0
